-- phpMyAdmin SQL Dump
-- version 5.2.1
-- https://www.phpmyadmin.net/
--
-- Host: 127.0.0.1
-- Waktu pembuatan: 02 Agu 2024 pada 11.48
-- Versi server: 8.2.0
-- Versi PHP: 8.2.4

SET SQL_MODE = "NO_AUTO_VALUE_ON_ZERO";
START TRANSACTION;
SET time_zone = "+00:00";


/*!40101 SET @OLD_CHARACTER_SET_CLIENT=@@CHARACTER_SET_CLIENT */;
/*!40101 SET @OLD_CHARACTER_SET_RESULTS=@@CHARACTER_SET_RESULTS */;
/*!40101 SET @OLD_COLLATION_CONNECTION=@@COLLATION_CONNECTION */;
/*!40101 SET NAMES utf8mb4 */;

--
-- Database: `wisata`
--

-- --------------------------------------------------------

--
-- Struktur dari tabel `contact`
--

CREATE TABLE `contact` (
  `id` int NOT NULL,
  `alamat` text NOT NULL,
  `kota` varchar(20) NOT NULL,
  `no_hp` varchar(12) NOT NULL,
  `no_tlp` varchar(12) NOT NULL,
  `email` varchar(30) NOT NULL,
  `content` text NOT NULL
) ENGINE=InnoDB DEFAULT CHARSET=utf8mb3;

--
-- Dumping data untuk tabel `contact`
--

INSERT INTO `contact` (`id`, `alamat`, `kota`, `no_hp`, `no_tlp`, `email`, `content`) VALUES
(1, '<p>Institut Teknologi Indonesia</p>\r\n<p>Gedung D nomor 7</p>\r\n<p>Tangerang Selatan, Jawa Barat</p>', 'Kab.Bogor', '083807914090', '021-779140', 'jonathan.zefanya16@gmail.com', '<p>Perusahaan kami bergerak di bidang penyewaan jasa tour and travel. Kami melayani untuk melakukan tour di wilayah Papua.</p>');

-- --------------------------------------------------------

--
-- Struktur dari tabel `komentar`
--

CREATE TABLE `komentar` (
  `id_komentar` int NOT NULL,
  `nama` varchar(50) NOT NULL,
  `komentar` text NOT NULL,
  `waktu` datetime NOT NULL
) ENGINE=InnoDB DEFAULT CHARSET=utf8mb3;

--
-- Dumping data untuk tabel `komentar`
--

INSERT INTO `komentar` (`id_komentar`, `nama`, `komentar`, `waktu`) VALUES
(3, 'Nahida', 'Asik', '2024-07-24 17:22:35'),
(4, 'Matthew Tirtawidjaja', 'Websitenya keren dan sangat bermanfaat', '2024-08-01 08:14:38'),
(5, 'Jonathan Zefanya', 'Gw ownernya hehehe', '2024-08-01 08:14:54');

-- --------------------------------------------------------

--
-- Struktur dari tabel `setup_about`
--

CREATE TABLE `setup_about` (
  `id_about` int NOT NULL,
  `kat_about` varchar(30) NOT NULL,
  `judul_about` varchar(50) NOT NULL,
  `konten_about` text NOT NULL
) ENGINE=InnoDB DEFAULT CHARSET=utf8mb3;

--
-- Dumping data untuk tabel `setup_about`
--

INSERT INTO `setup_about` (`id_about`, `kat_about`, `judul_about`, `konten_about`) VALUES
(2, 'profil', 'Profil Wisathan', '<p>WISATHAN&nbsp;adalah sebuah jasa tour and travel wisata Papua. Kami mengedepankan kepuasan wisatawan yang menggunakan jasa layanan kami. Kantor kami terletak di <strong>Institut Teknologi Indonesia,Serpong,Tangerang Selatan Jawa Barat</strong>. Semoga Anda senang dan puas melakukan perjalanan bersama kami.</p>'),
(7, 'pembayaran', 'Cara Pembayaran', '<p>Cara pembayaran ada 2 alternatif yang bisa dipilih. Pertama anda bisa melakukan pembayaran langsung ke kantor kami atau dengan cara kedua bisa melakukan transfer melalui nomor rekening kami yang tersedia. Dengan ketentuan sebagai berikut :</p>\r\n<ol>\r\n<li>Pembayaran Langsung\r\n<ul>\r\n<li>Pembayaran langung dikhususkan untuk pelanggan yang berada dekat dengan kantor kami.</li>\r\n<li>Pembayaran dilakukan 5 hari sebelum keberangkatan.</li>\r\n<li>Syarat pembayaran harus melampirkan Invoice dan Tiket yang telah di booking.</li>\r\n<li>Pembayaran akan dilayani di jam kerja.</li>\r\n</ul>\r\n</li>\r\n<li>Pembayaran via Transfer\r\n<ul>\r\n<li>Pembayaran ini dimaksudkan untuk pelanggan yang dari luar kota maunpun yang menginginkan proses praktis.</li>\r\n<li>Pembayaran selambat-lambatnya harus telah diterima oleh kami 5 hari sebelum hari keberangkatan tour.</li>\r\n<li>Transfer dapat dilakukan ke nomor rekening berikut :\r\n<ul>\r\n<li>BNI : 0350520214&nbsp;a/n Jonathan Nathannael Zefanya</li>\r\n<li>Mandiri : 1710000395346 a/n&nbsp;Jonathan Nathannael Zefanya</li>\r\n</ul>\r\n</li>\r\n</ul>\r\n</li>\r\n</ol>'),
(8, 'syarat', '', '<p>Syarat dan Ketentuan ini berguna untuk membantu anda dalam melakukan pembookingan sesuai dengan ketentuan-ketentuan yang telah kami buat. Sehingga anda nantinya tidak merasa rugi dan salah dalam memilih paket ataupun penginapan nantinya. Seilahkan cermati ketentuan-ketentuan yang telah dibuat dan lanjutkan dengan melakukan pembookingan.</p>'),
(12, 'reservasi', '', '<ol>\r\n<li>Sebelum melakukan pembookingan pastikan anda&nbsp;<a href=\"formRegistrasi.php\">Login</a>&nbsp;terlebih dulu ke website ini.</li>\r\n<li>Jika belum memiliki akun, makan diperkenankan anda untuk malakukan&nbsp;<a href=\"formRegistrasi.php\">Registrasi</a></li>\r\n<li>Setelah melakukan Login, lengkapi Profil anda jika memang Profil anda masih belum dilengkapi</li>\r\n<li>Seletah melengkapi Profil anda, lakukan pembookingan pada menu Booking.</li>\r\n<li>Lalu Pilih Paket sesuai dengan yang anda inginkan.</li>\r\n<li>Jika anda memilih untuk cara pembayaran secara Bayar diTempat, maka anda bisa langsung melakukan Cetak Tiket.</li>\r\n</ol>'),
(13, 'syarat', 'Ketentuan Kapasitas Hotel', '<p>Jumlah maksimal pengunjung per kamar:</p>\r\n<ul style=\"list-style-type: circle;\">\r\n<li>Kelas Standar, mak. 2 orang</li>\r\n<li>Kelas Superior, mak. 2 orang</li>\r\n<li>Kelas Delux, mak. 2/4 orang*</li>\r\n<li>Kelas Suit Keluarga, mak. 4 orang</li>\r\n</ul>\r\n<p>*ketentuan dapat berubah sewaktu-waktu</p>'),
(14, 'syarat', 'Ketentuan Memilih Penginapan', '<p>Untuk pembookingan diharapkan diteliti sebelum benar-benar malakukan booking, artinya :</p>\r\n<ul style=\"list-style-type: circle;\">\r\n<li>Sesuaikan tempat penginapan dengan tempat anda akan berwisata.</li>\r\n<li>Jika anda memilih paket wisata yang dengan jenis One-Way, makan pada form pilih penginapan silahkan pilih option \"Tidak Menginap\".</li>\r\n<li>Agar lebih tepat memilih penginapan, maka lihat dahulu dimana paket wisata tersebut dimana tempatnya berada.</li>\r\n</ul>'),
(15, 'syarat', 'Ketentuan Pembookingan', '<ul style=\"list-style-type: circle;\">\r\n<li>Perubahan Peket dan Penginapan silahkan hubungi contact person kami yang ada pada website, dan hanya bisa dilakukan 5 hari sebelum hari keberangkatan tour. Kurang dari itu perubahan tidak bisa dilakukan.</li>\r\n<li>Pembatalan booking dapat dilakukan 7 hari sebelum tanggal keberangkatan tour yang telah di booking. Biaya yang telah ditranfer akan dikembalikan dengan potongan 10% dari total biaya dan harus melakukan konfirmasi terlebih dahulu melalui contact person kami.</li>\r\n<li>Untuk biaya penginapan yang masih belum terbilang pada saat melakukan pembookingan, akan kami konfirmasikan ke Akun anda 7 hari sebelum hari keberangkatan tour. Dan dapat melakukan cetak tiket setelah hari itu.</li>\r\n</ul>');

-- --------------------------------------------------------

--
-- Struktur dari tabel `setup_dasboard`
--

CREATE TABLE `setup_dasboard` (
  `id_dasboard` int NOT NULL,
  `nama` varchar(50) NOT NULL,
  `konten` text NOT NULL,
  `gambar` text NOT NULL,
  `waktu` date NOT NULL
) ENGINE=InnoDB DEFAULT CHARSET=utf8mb3;

--
-- Dumping data untuk tabel `setup_dasboard`
--

INSERT INTO `setup_dasboard` (`id_dasboard`, `nama`, `konten`, `gambar`, `waktu`) VALUES
(22, 'Sampah Masih Jadi Masalah', '<p>Kepala Bidang Kualitas Lingkungan dan Pengembangan Kapasitas DLHK Papua, Yaconias Maitindom, menegaskan sampah plastik dan botol menjadi bencana di kawasan wisata.</p>\r\n<p>Fakta ini diungkapkan saat memberikan materi Pelatihan Kebersihan Lingkungan, Sanitasi dan Pengelolaan Sampah di Destinasi Wisata&nbsp; pada peserta Pelatihan Tata Kelola dan Pemasaran&nbsp; potensi pariwisata di Kabupaten Asmat, Kamis 1 Agustus 2024.</p>\r\n<p>Menurut Yaconias, minimnya kesadaran pengunjung membuang sampah pada tempatnya menjadi persoalan dalam pengelolaan pariwisata. &ldquo;Dimana ada tempat wisata pasti sampah yang paling banyak adalah plastik dan botol,&rdquo; katanya.</p>', 'image_2024-08-02_153239169.png', '2024-08-02'),
(23, 'Biak Ditetapkan Jadi Pintu Masuk', '<p>Pemerintah Kabupaten (Pemkab) Biak Numfor, Papua, menyebut ada&nbsp;pengarusutamaan peran dan posisi Biak dalam perspektif nasional dengan telah ditetapkannya daerah itu sebagai destinasi pintu keluar masuk kapal pesiar wisata (yacth) di wilayah Papua.<br /><br />\"Destinasi kapal layar wisata di Indonesia terdapat di Biak, Tual, dan Natuna,\" ujar Penjabat (Pj) Bupati Biak Numfor Sofia Bonsapia menanggapi pendapat fraksi DPRD di Biak, Rabu.<br /><br />Pada Road to Indonesia Development Forum yang diselenggarakan oleh Kementerian PPN/Bappenas RI, kata dia, Biak juga ditetapkan sebagai lokasi pelaksanaan Ocean Race 2027. Bahkan wilayah Biak Numfor juga masuk nominasi hub logistik kargo.</p>', 'image_2024-08-02_153615936.png', '2024-08-02'),
(24, 'Danau Sentani', '<p>Memiliki luas 9.360 hektare, Danau Sentani merupakan danau terluas di Jayapura. Saat berkunjung ke Danau Sentani, kamu akan disuguhi danau biru berair jernih dengan gugusan pulau dan barisan perbukitan yang mengelilinginya.</p>\r\n<p>Konon, gugusan pulau ini adalah beberapa bagian tubuh seekor naga yang mati setelah terjatuh ke dalam danau.Terlepas dari asal-usulnya, Danau Sentani memang layak banget untuk dikunjungi, terutama di sore hari saat <em>sunset</em> tiba.</p>\r\n<p>Waktu terbaik untuk berkunjung ke danau ini adalah bulan Juni. Di bulan itu, masyarakat setempat mengadakan Festival Sentani di mana kamu bisa melihat kesenian dan budaya Papua sekaligus mencicipi kuliner khasnya.</p>', 'image_2024-08-02_153744879.png', '2024-08-02'),
(25, 'Pencanangan Agro Wisata Sebagai Kawasan Pertanian', '<p>Kampung Yorenime, Distrik Makki, Kabupaten Lanny Jaya, Provinsi Papua Pegunungan telah berlangsung kegiatan pencanangan Agro Wisata Markisa dan pemanfaatan lahan sebagai kawasan pertanian Buah Markisa dan Kelapa Hutan yang dikoordinir oleh Dr. Velix Vernando Wanggai , SIP, MPA Pj. Gubernur Provinsi Papua Pegunungan dan Pj. Bupati Lanny Jaya Alpius Yigibalom,SH,. M. Si. Wasuok Siep Pj. Sekda Provinsi Papua Pegunungan, Ny. Herwin Meiliantina Wanggai, S.IP, M.PD (Ketua TP PKK Provinsi Papua Pegunungan, Lince Kogoya Sekretaris Dewan MRP Provinsi Papua Pegunungan, Kepala Dinas Satpol PP Provinsi Papua Pegunungan.</p>\r\n<p>Pj. Gubernur Papua Pegunungan&nbsp; Velix Vernando Wanggai , SIP, MPA mengatakan,&nbsp; Di Lanny Jaya dimana buah markisa memiliki rasa yang berbeda dengan Kab, lainnya.&nbsp; Bahwa ada 3 Kampung di distrik Makki untuk melaksanakan penanaman buah markisa, sehingga tentu kedatangan kami disini mengucapkan banyak terima kasih atas sambutannya.</p>', 'image_2024-08-02_153834561.png', '2024-08-02'),
(26, ' Ada Dugaan Pungli Ke Turis Di Raja Ampat', '<p>Komisi Pemberantas Korupsi (KPK) menduga adanya pungutan liar (pungli) terhadap wisatawan di Kabupaten Raja Ampat, Papua Barat Daya. Diperkirakan nominalnya hingga miliaran rupiah.</p>\r\n<p>Menanggapi hal ini, Adyatama Kepariwisataan dan Ekonomi Kreatif Ahli Utama Nia Niscaya mengatakan, digitalisasi dapat jadi salah satu solusi supaya hal serupa tidak terulang.</p>\r\n<p>\"Menurut saya digitalisasi salah satu solusi karena kalau sudah digitalisasi itu sudah jelas besarannya berapa, dan sebelum keberangkatan juga,\" kata Nia saat ditemui di gedung Sapta Pesona, Jakarta Pusat, Senin (15/7/2024). Lebih lanjut disampaikan bahwa saat ini masalah tersebut masih dalam tahap dugaan, mengingat ada beberapa proses yang harus dilalui guna membuktikannya. Selain mengandalkan digitalisasi, Nia juga mengarahkan untuk memperketat pengawasan agar digitalisasi berjalan dengan lancar dan tidak kembali ke cara manual.<br /><br /></p>', 'image_2024-08-02_154027598.png', '2024-08-02');

-- --------------------------------------------------------

--
-- Struktur dari tabel `setup_slide`
--

CREATE TABLE `setup_slide` (
  `id_slide` int NOT NULL,
  `judul` varchar(50) NOT NULL,
  `konten` text NOT NULL,
  `gambar` text NOT NULL
) ENGINE=InnoDB DEFAULT CHARSET=utf8mb3;

--
-- Dumping data untuk tabel `setup_slide`
--

INSERT INTO `setup_slide` (`id_slide`, `judul`, `konten`, `gambar`) VALUES
(1, 'Promo Raja Ampat Bersama Pasangan', '<p>Paket ini menjadi pilihan tepat bagi kamu yang ingin berlibur ke Raja Ampat dengan fasilitas lengkap namun tetap dengan biaya terjangkau. Melalui konsep Open Trip, kamu berkesempatan untuk bertemu orang baru dan berbagi pengalaman selama trip berlangsung. Seru, kan ya? Daftarkan dirimu dan jelajahi destinasi alam impian kamu di Raja Ampat bersama Indonesia Juara sekarang!</p>', 'image_2024-08-02_154415125.png'),
(2, 'Waibu Festival untuk Keluarga', '<p>Setelah sibuk dengan aktifitas anda masing-masing. Mari ajak&nbsp;keluarga anda untuk berlibur. Kami menawarkan Paket Promo khusus untuk anda, maka pesan sekarang juga. Lalu pilih paket \"Family 3 Days\", jangan sampai kelewatan ya.</p>', 'image_2024-08-02_154441101.png');

-- --------------------------------------------------------

--
-- Struktur dari tabel `setup_sumbar`
--

CREATE TABLE `setup_sumbar` (
  `id_sumbar` int NOT NULL,
  `kat_sumbar` varchar(30) NOT NULL,
  `judul_sumbar` varchar(50) NOT NULL,
  `konten_sumbar` text NOT NULL
) ENGINE=InnoDB DEFAULT CHARSET=utf8mb3;

--
-- Dumping data untuk tabel `setup_sumbar`
--

INSERT INTO `setup_sumbar` (`id_sumbar`, `kat_sumbar`, `judul_sumbar`, `konten_sumbar`) VALUES
(5, 'profil', 'Profil Papua', '<p><strong>Papua</strong>&nbsp;adalah&nbsp;<a title=\"Provinsi\" href=\"https://id.wikipedia.org/wiki/Provinsi\">provinsi</a>&nbsp;yang terletak di pesisir utara&nbsp;<a title=\"Pulau Papua\" href=\"https://id.wikipedia.org/wiki/Pulau_Papua\">Papua</a>,&nbsp;<a title=\"Indonesia\" href=\"https://id.wikipedia.org/wiki/Indonesia\">Indonesia</a>. Provinsi Papua sebelumnya bernama&nbsp;<strong>Irian Barat</strong>&nbsp;(1956 &ndash; 1973) dan&nbsp;<strong>Irian Jaya</strong>&nbsp;(1973 &ndash; 2000) yang mencakup seluruh Tanah Papua bekas Keresidenan Nugini Barat.</p>\r\n<p><a title=\"Ibu kota\" href=\"https://id.wikipedia.org/wiki/Ibu_kota\">Ibu kota</a>&nbsp;Papua berada di&nbsp;<a title=\"Kota Jayapura\" href=\"https://id.wikipedia.org/wiki/Kota_Jayapura\">Kota Jayapura</a>, yang berbatasan langsung dengan negara&nbsp;<a title=\"Papua Nugini\" href=\"https://id.wikipedia.org/wiki/Papua_Nugini\">Papua Nugini</a>. Pada tanggal 30 Juni 2022, wilayah provinsi Papua mengalami pemekaran, yang membentuk provinsi baru yakni provinsi&nbsp;<a title=\"Papua Tengah\" href=\"https://id.wikipedia.org/wiki/Papua_Tengah\">Papua Tengah</a>,&nbsp;<a title=\"Papua Pegunungan\" href=\"https://id.wikipedia.org/wiki/Papua_Pegunungan\">Papua Pegunungan</a>, serta&nbsp;<a title=\"Papua Selatan\" href=\"https://id.wikipedia.org/wiki/Papua_Selatan\">Papua Selatan</a>.&nbsp;Setelah pemekaran provinsi baru, pada pertengahan tahun 2024, jumlah penduduk provinsi Papua sebanyak 1.093.447 jiwa.</p>'),
(6, 'profil', 'Geografi Papua', '<p style=\"text-align: justify;\">Provinsi Papua memiliki luas sekitar 81.049,30&nbsp;km<sup>2</sup>,&nbsp;<a title=\"Pulau Papua\" href=\"https://id.wikipedia.org/wiki/Pulau_Papua\">pulau Papua</a>&nbsp;berada di ujung timur dari wilayah Indonesia, dengan potensi sumber daya alam yang bernilai ekonomis dan strategis, dan telah mendorong bangsa-bangsa asing untuk menguasai pulau Papua.&nbsp;Sebelum dimekarkan, provinsi Papua memiliki luas 312.224,37&nbsp;km<sup>2</sup>&nbsp;dan merupakan provinsi terbesar dan terluas pertama di&nbsp;<a title=\"Indonesia\" href=\"https://id.wikipedia.org/wiki/Indonesia\">Indonesia</a>.<sup id=\"cite_ref-10\" class=\"reference\"></sup></p>'),
(7, 'sejarah', '', '<p>Papua berada di wilayah paling timur negara Indonesia. Ia merupakan pulau terbesar kedua setelah Pulau&nbsp;<a title=\"Greenland\" href=\"https://id.wikipedia.org/wiki/Greenland\">Greenland</a>&nbsp;di&nbsp;<a title=\"Denmark\" href=\"https://id.wikipedia.org/wiki/Denmark\">Denmark</a>. Luasnya mencapai 890.000&nbsp;km<sup>2</sup>&nbsp;(ini jika digabung dengan&nbsp;<a title=\"Papua Nugini\" href=\"https://id.wikipedia.org/wiki/Papua_Nugini\">Papua Nugini</a>).</p>'),
(9, 'wisata', '', '<p>Indonesia bagian timur emang juara soal urusan alam dan budaya. Setuju kan, Sobat Pesona? Nah, semua yang indah-indah ini dimiliki oleh tanah Papua, pulau terbesar kedua di dunia. Tahukah Sobat Pesona, demi menjaga keasrian alamnya, Papua punya taman nasional terbesar di Asia Tenggara, lho! Taman tersebut adalah Taman Nasional Lorentz, salah satu destinasi wisata andalan Papua.</p>\r\n<p>Selain Taman Nasional Lorentz, Pulau Papua memiliki banyak sekali lokasi wisata yang diburu wisatawan, lho! Sobat Pesona mau tahu apa saja? Yuk, simak daftar berikut!</p>'),
(13, 'kuliner', '', '<p>Potensi ekonomi di Papua juga sangat tinggi. Kekayaan alam Papua begitu kaya dan semua kekayaan tersebut belum digali. Meskipun Papua kaya akan sumber daya alam, tetapi Papua masih bergantung pada Freeport.</p>\r\n<p>Papua bukan hanya kaya akan sumber daya alamnya saja, tetapi juga makanan khas yang tentu tidak boleh untuk dilewatkan. Nah, jika Grameds akan berkunjung ke Papua alangkah baiknya untuk tahu makanan khas Papua.</p>'),
(15, 'budaya', 'Kesenian Dan Kebudayaan Di Papua', '<p style=\"text-align: justify;\">Papua memiliki kekayaan seni dan budaya yang sangat beragam. Seni dan budaya Papua mencakup tarian tradisional seperti Tari Yospan, seni ukir khas suku Asmat, serta musik tradisional yang sering menggunakan alat musik seperti tifa dan suling.</p>'),
(17, 'budaya', 'Rumah Adat', '<p style=\"text-align: justify;\">Rumah adat Papua, seperti rumah Honai, dibangun dari bahan alami seperti kayu dan jerami, dengan desain yang mencerminkan kearifan lokal dan adaptasi terhadap lingkungan sekitarnya.</p>'),
(18, 'budaya', 'Pemerintah Daerah', '<p style=\"text-align: justify;\">Pemerintah daerah Papua berperan penting dalam mengelola sumber daya alam, pendidikan, dan kesehatan, serta mempertahankan dan mempromosikan budaya lokal.</p>'),
(19, 'budaya', 'Olahraga', '<p style=\"text-align: justify;\">Olahraga tradisional Papua termasuk panahan dan perahu naga, sementara olahraga modern seperti sepak bola juga sangat populer, dengan klub-klub seperti Persipura Jayapura yang memiliki basis penggemar besar. Papua juga menjadi tuan rumah Pekan Olahraga Nasional (PON) XX pada tahun 2021, yang menampilkan berbagai cabang olahraga dan menunjukkan kemampuan serta semangat olahraga masyarakat Papua.</p>'),
(20, 'wisata', 'Danau Sentani', '<p>Ini dia nih, danau terbesar di Papua yang memiliki panorama fantastis dan jadi kebanggaan masyarakat lokal! Apalagi kalau bukan Danau Sentani yang terletak di Kabupaten Jayapura. Danau dengan luas 9.360 hektare ini merupakan sumber air dari 14 sungai besar dan sungai kecil. Tak hanya itu, danau ini pun juara dalam produksi ikannya yang bisa mencapai 1.823 ton/tahun, lho!</p>\r\n<p>Dengan bentuk danau yang unik seperti&nbsp;<em>amoeba</em>, terdapat 22 pulau kecil yang menghiasi keindahan danau. Enggak heran, kalau Danau Sentani jadi lokasi wisata favorit yang ramai dikunjungi wisatawan.</p>'),
(21, 'wisata', 'Pantai Base-g', '<p>Di Papua, ada pantai yang cantiknya bak lukisan lho, namanya Pantai Base-G yang terletak di Kota Jayapura. Asal nama pantai ini berawal dari pasukan sekutu di Perang Dunia II yang menjadikan pantai ini sebagai basis militer. Nama lain dari pantai ini adalah Pantai Tanjung Ria.</p>\r\n<p>Nah, kalau Sobat Pesona main ke pantai ini, dijamin bakal merasa rileks karena deburan ombak pantai yang merdu dan tidak terlalu besar. Selain itu, pasir bersih yang membentang di pantai ini bikin pengen foto-foto terus! Pokoknya, Sobat Pesona enggak boleh melewati pantai ini kalau main ke Papua, ya!</p>'),
(22, 'profil', 'Etimologi', '<p>Asal nama Papua berasal dari&nbsp;<em>Papo Ua</em>&nbsp;yang dalam bahasa Tidore artinya \"tidak bergabung\", \"tidak bersatu\", atau \"tidak bergandengan\". Maksudnya wilayah Papua itu jauh sehingga tidak masuk dalam daerah induk&nbsp;<a title=\"Kesultanan Tidore\" href=\"https://id.wikipedia.org/wiki/Kesultanan_Tidore\">Kesultanan Tidore</a>. Akan tetapi wilayah-wilayah tersebut tetap tunduk dan berada dibawah persekutuan dagang Tidore bernama&nbsp;<em>Uli Siwa</em>. Dalam pembagiannya wilayah di Papua dibagi menjadi&nbsp;<em>Korano Ngaruha</em>&nbsp;atau&nbsp;<a title=\"Kepulauan Raja Ampat\" href=\"https://id.wikipedia.org/wiki/Kepulauan_Raja_Ampat\">Kepulauan Raja Ampat</a>,&nbsp;<em>Papo-ua Gam Sio</em>&nbsp;(Papua sembilan negeri), dan&nbsp;<em>Mafor Soa Raha</em>&nbsp;(Mafor Empat Soa).</p>'),
(23, 'sejarah', '200 M–1500 M', '<p>Pada sekitar tahun 200 M, ahli geografi bernama&nbsp;<a title=\"Klaudius Ptolemaeus\" href=\"https://id.wikipedia.org/wiki/Klaudius_Ptolemaeus\">Klaudius Ptolemaeus</a>&nbsp;(Ptolamy) menyebut pulau Papua dengan nama Labadios. Sampai saat ini tak ada yang tahu, kenapa pulau Papua diberi nama Labadios. Sekitar akhir tahun 500 M, oleh bangsa&nbsp;<a class=\"mw-redirect\" title=\"China\" href=\"https://id.wikipedia.org/wiki/China\">Tiongkok</a>&nbsp;diberi nama&nbsp;<em>Tungki</em>. Hal ini dapat diketahui setelah mereka menemukan sebuah catatan harian seorang pedagang&nbsp;<a title=\"Tiongkok\" href=\"https://id.wikipedia.org/wiki/Tiongkok\">Tiongkok</a>, Ghau Yu Kuan yang menggambarkan bahwa asal rempah-rempah yang mereka peroleh berasal dari&nbsp;<em>Tungki</em>, nama yang digunakan oleh para pedagang&nbsp;<a title=\"Tiongkok\" href=\"https://id.wikipedia.org/wiki/Tiongkok\">Tiongkok</a>&nbsp;saat itu untuk Papua.<em><sup id=\"cite_ref-FOOTNOTESaragih20197_15-0\" class=\"reference\"><a href=\"https://id.wikipedia.org/wiki/Papua#cite_note-FOOTNOTESaragih20197-15\">[13]</a></sup></em></p>\r\n<p>Selanjutnya, pada akhir tahun 600 M,&nbsp;<a class=\"mw-redirect\" title=\"Kerajaan Sriwijaya\" href=\"https://id.wikipedia.org/wiki/Kerajaan_Sriwijaya\">Kerajaan Sriwijaya</a>&nbsp;menyebut nama Papua dengan menggunakan nama&nbsp;<em>Janggi</em>. Dalam buku&nbsp;<a class=\"mw-redirect\" title=\"Negarakertagama\" href=\"https://id.wikipedia.org/wiki/Negarakertagama\">Kertagama</a>&nbsp;<a title=\"1365\" href=\"https://id.wikipedia.org/wiki/1365\">1365</a>&nbsp;yang dikarang Pujangga Mpu Prapanca &ldquo;<em>Tungki</em>&rdquo; atau &ldquo;<em>Janggi</em>&rdquo; sesungguhnya adalah salah eja diperoleh dari pihak ketiga yaitu Pedagang&nbsp;<a title=\"Tiongkok\" href=\"https://id.wikipedia.org/wiki/Tiongkok\">Tiongkok</a>&nbsp;Chun Tjok Kwan yang dalam perjalanan dagangnya sempat menyinggahi beberapa tempat di&nbsp;<a class=\"mw-disambig\" title=\"Tidore\" href=\"https://id.wikipedia.org/wiki/Tidore\">Tidore</a>&nbsp;dan Papua.<em><sup id=\"cite_ref-FOOTNOTESaragih20197_15-1\" class=\"reference\"><a href=\"https://id.wikipedia.org/wiki/Papua#cite_note-FOOTNOTESaragih20197-15\">[13]</a></sup></em></p>\r\n<p>Di awal tahun 700 M, pedagang&nbsp;<a class=\"mw-redirect\" title=\"Persia\" href=\"https://id.wikipedia.org/wiki/Persia\">Persia</a>&nbsp;dan&nbsp;<a title=\"Gujarat\" href=\"https://id.wikipedia.org/wiki/Gujarat\">Gujarat</a>&nbsp;mulai berdatangan ke Papua, juga termasuk pedagang dari&nbsp;<a title=\"India\" href=\"https://id.wikipedia.org/wiki/India\">India</a>. Tujuan mereka untuk mencari&nbsp;<a title=\"Rempah-rempah\" href=\"https://id.wikipedia.org/wiki/Rempah-rempah\">rempah-rempah</a>&nbsp;di wilayah ini setelah melihat kesuksesan pedangang asal&nbsp;<a class=\"mw-redirect\" title=\"China\" href=\"https://id.wikipedia.org/wiki/China\">China</a>. Para pedagang ini sebut nama Papua dengan&nbsp;<em>Dwi Panta</em>&nbsp;dan&nbsp;<em>Samudranta</em>, yang artinya Ujung Samudra dan Ujung Lautan.<em><sup id=\"cite_ref-FOOTNOTESaragih20197_15-2\" class=\"reference\"><a href=\"https://id.wikipedia.org/wiki/Papua#cite_note-FOOTNOTESaragih20197-15\">[13]</a></sup></em></p>\r\n<p>Pada akhir tahun 1300 M,&nbsp;<a class=\"mw-redirect\" title=\"Kerajaan Majapahit\" href=\"https://id.wikipedia.org/wiki/Kerajaan_Majapahit\">Kerajaan Majapahit</a>&nbsp;menggunakan dua nama, yakni \"<em><a title=\"Semenanjung Onin\" href=\"https://id.wikipedia.org/wiki/Semenanjung_Onin\">Wanin</a></em>\" dan \"<em>Sran</em>\". Nama&nbsp;<em><a title=\"Semenanjung Onin\" href=\"https://id.wikipedia.org/wiki/Semenanjung_Onin\">Wanin</a></em>, tentu tidak lain dari&nbsp;<a title=\"Semenanjung Onin\" href=\"https://id.wikipedia.org/wiki/Semenanjung_Onin\">semenanjung Onin</a>&nbsp;di daerah&nbsp;<a title=\"Kabupaten Fakfak\" href=\"https://id.wikipedia.org/wiki/Kabupaten_Fakfak\">Fak-Fak</a>, digunakan dalam beberapa nyanyian dan puisi bahasa lama di Kampung Wersar dan sekitarnya.<sup id=\"cite_ref-16\" class=\"reference\"><a href=\"https://id.wikipedia.org/wiki/Papua#cite_note-16\">[14]</a></sup>&nbsp;Sedangkan \"Sran\" mengacu pada&nbsp;<a title=\"Kabupaten Kaimana\" href=\"https://id.wikipedia.org/wiki/Kabupaten_Kaimana\">wilayah Kowiai</a>,<sup id=\"cite_ref-Fraassen_1976_pp._293&ndash;305_17-0\" class=\"reference\"><a href=\"https://id.wikipedia.org/wiki/Papua#cite_note-Fraassen_1976_pp._293%E2%80%93305-17\">[15]</a></sup>&nbsp;yaitu kerajaan&nbsp;<a title=\"Kerajaan Kaimana\" href=\"https://id.wikipedia.org/wiki/Kerajaan_Kaimana\">Sran Eman Muun</a>, kontemporer kerajaan Majapahit,<sup id=\"cite_ref-Usmany_2017_pp._85&ndash;92_18-0\" class=\"reference\"><a href=\"https://id.wikipedia.org/wiki/Papua#cite_note-Usmany_2017_pp._85%E2%80%9392-18\">[16]</a></sup>&nbsp;dan&nbsp;<a class=\"new\" title=\"Kerajaan Namatota (halaman belum tersedia)\" href=\"https://id.wikipedia.org/w/index.php?title=Kerajaan_Namatota&amp;action=edit&amp;redlink=1\">Kerajaan Namatota</a>.<sup id=\"cite_ref-Desa_Namatota_2023_m977_19-0\" class=\"reference\"><a href=\"https://id.wikipedia.org/wiki/Papua#cite_note-Desa_Namatota_2023_m977-19\">[17]</a></sup>&nbsp;Ada kemungkinan, budak yang dibawa dan dipersembahkan kepada&nbsp;<a title=\"Majapahit\" href=\"https://id.wikipedia.org/wiki/Majapahit\">Majapahit</a>&nbsp;berasal dari&nbsp;<a title=\"Semenanjung Onin\" href=\"https://id.wikipedia.org/wiki/Semenanjung_Onin\">Onin</a>&nbsp;dan yang membawanya ke sana adalah orang&nbsp;<a title=\"Pulau Seram\" href=\"https://id.wikipedia.org/wiki/Pulau_Seram\">Seram</a>&nbsp;dari&nbsp;<a title=\"Maluku\" href=\"https://id.wikipedia.org/wiki/Maluku\">Maluku</a>, sehingga dua nama ini disebut.<em><sup id=\"cite_ref-FOOTNOTESaragih20197_15-3\" class=\"reference\"><a href=\"https://id.wikipedia.org/wiki/Papua#cite_note-FOOTNOTESaragih20197-15\">[13]</a></sup></em></p>\r\n<p>Pada abad ke-14, kepulauan Papua dikuasai oleh&nbsp;<a class=\"mw-redirect\" title=\"Kerajaan Tidore\" href=\"https://id.wikipedia.org/wiki/Kerajaan_Tidore\">Kerajaan Tidore</a>&nbsp;bermula dari ekspedisi Raja Tidore Ibnu Mansur dengan Gurabesi, Kapitan asal Biak,<sup id=\"cite_ref-Wanggai_2008_11-2\" class=\"reference\"><a href=\"https://id.wikipedia.org/wiki/Papua#cite_note-Wanggai_2008-11\">[9]</a></sup>&nbsp;dan baru pada abad ke-16,&nbsp;<a title=\"Kesultanan Ternate\" href=\"https://id.wikipedia.org/wiki/Kesultanan_Ternate\">Kesultanan Ternate</a>&nbsp;dan&nbsp;<a title=\"Kesultanan Tidore\" href=\"https://id.wikipedia.org/wiki/Kesultanan_Tidore\">Kesultanan Tidore</a>&nbsp;memiliki wilayah dari&nbsp;<a title=\"Sulawesi\" href=\"https://id.wikipedia.org/wiki/Sulawesi\">Sulawesi</a>&nbsp;dan Papua.<em><sup id=\"cite_ref-FOOTNOTESaragih20198_20-0\" class=\"reference\"><a href=\"https://id.wikipedia.org/wiki/Papua#cite_note-FOOTNOTESaragih20198-20\">[18]</a></sup></em>&nbsp;Nama Papua sendiri berasal dari kata Papo-Ua, yaitu penamaannya oleh&nbsp;<a class=\"mw-redirect\" title=\"Kerajaan Tidore\" href=\"https://id.wikipedia.org/wiki/Kerajaan_Tidore\">Kerajaan Tidore</a>, di mana dalam bahasa&nbsp;<a class=\"mw-disambig\" title=\"Tidore\" href=\"https://id.wikipedia.org/wiki/Tidore\">Tidore</a>, itu berarti tidak bergabung atau tidak bersatu, yang artinya di pulau ini tidak ada raja yang memerintah.<em><sup id=\"cite_ref-FOOTNOTESaragih20198_20-1\" class=\"reference\"><a href=\"https://id.wikipedia.org/wiki/Papua#cite_note-FOOTNOTESaragih20198-20\">[18]</a></sup></em><sup id=\"cite_ref-:0_21-0\" class=\"reference\"><a href=\"https://id.wikipedia.org/wiki/Papua#cite_note-:0-21\">[19]</a></sup>&nbsp;<a title=\"Kesultanan Ternate\" href=\"https://id.wikipedia.org/wiki/Kesultanan_Ternate\">Kerajaan Ternate</a>, memiliki wilayah sebelah&nbsp;<a title=\"Barat\" href=\"https://id.wikipedia.org/wiki/Barat\">Barat</a>; pesisir&nbsp;<a title=\"Timur\" href=\"https://id.wikipedia.org/wiki/Timur\">Timur</a>&nbsp;<a title=\"Sulawesi\" href=\"https://id.wikipedia.org/wiki/Sulawesi\">Sulawesi</a>, termasuk Sule dan&nbsp;<a class=\"mw-redirect\" title=\"Kepulauan Banggai\" href=\"https://id.wikipedia.org/wiki/Kepulauan_Banggai\">Kepulauan Banggai</a>,&nbsp;<a title=\"Seram Barat, Seram Bagian Barat\" href=\"https://id.wikipedia.org/wiki/Seram_Barat,_Seram_Bagian_Barat\">Seram Barat (jazirah Hoamal)</a>&nbsp;dan&nbsp;<a class=\"mw-redirect mw-disambig\" title=\"Ambon\" href=\"https://id.wikipedia.org/wiki/Ambon\">Kepulauan Ambon</a>. Sedangkan&nbsp;<a class=\"mw-redirect\" title=\"Kerajaan Tidore\" href=\"https://id.wikipedia.org/wiki/Kerajaan_Tidore\">Kerajaan Tidore</a>&nbsp;menguasai bagian&nbsp;<a title=\"Timur\" href=\"https://id.wikipedia.org/wiki/Timur\">Timur</a>, dari&nbsp;<a title=\"Kepulauan Raja Ampat\" href=\"https://id.wikipedia.org/wiki/Kepulauan_Raja_Ampat\">Kepulauan Raja Ampat</a>&nbsp;hingga perbatasan Papua dengan&nbsp;<a title=\"Papua Nugini\" href=\"https://id.wikipedia.org/wiki/Papua_Nugini\">Papua Nugini</a>&nbsp;sekarang.<sup id=\"cite_ref-Swadling_Wagner_Laba_p._17_22-0\" class=\"reference\"><a href=\"https://id.wikipedia.org/wiki/Papua#cite_note-Swadling_Wagner_Laba_p._17-22\">[20]</a></sup><em><sup id=\"cite_ref-FOOTNOTESaragih20198_20-2\" class=\"reference\"><a href=\"https://id.wikipedia.org/wiki/Papua#cite_note-FOOTNOTESaragih20198-20\">[18]</a></sup></em><sup id=\"cite_ref-23\" class=\"reference\"><a href=\"https://id.wikipedia.org/wiki/Papua#cite_note-23\">[21]</a></sup>&nbsp;Peranan kedua kerajaan besar ini mulai menurun dikarenakan mulai masuknya para pedagang dari&nbsp;<a title=\"Eropa\" href=\"https://id.wikipedia.org/wiki/Eropa\">Eropa</a>&nbsp;ke&nbsp;<a title=\"Nusantara\" href=\"https://id.wikipedia.org/wiki/Nusantara\">Nusantara</a>&nbsp;yang menjadikan awal&nbsp;<a title=\"Kolonialisme\" href=\"https://id.wikipedia.org/wiki/Kolonialisme\">kolonialismenya</a>.<em><sup id=\"cite_ref-FOOTNOTESaragih20198_20-3\" class=\"reference\"><a href=\"https://id.wikipedia.org/wiki/Papua#cite_note-FOOTNOTESaragih20198-20\">[18]</a></sup></em>&nbsp;Tidore mengorganisir wilayahnya tersebut menjadi,&nbsp;<em>Korano Ngaruha</em>&nbsp;artinya&nbsp;<a title=\"Kepulauan Raja Ampat\" href=\"https://id.wikipedia.org/wiki/Kepulauan_Raja_Ampat\">Kepulauan Raja Ampat</a>,&nbsp;<em>Papo-ua Gam Sio</em>&nbsp;( Papo Ua sembilan&nbsp;<em>negeri</em>) dan&nbsp;<em>Mafor Soa Raha</em>&nbsp;( Mafor Empat&nbsp;<em>Soa</em>&nbsp;).<sup id=\"cite_ref-Wanggai_2008_11-3\" class=\"reference\"><a href=\"https://id.wikipedia.org/wiki/Papua#cite_note-Wanggai_2008-11\">[9]</a></sup></p>'),
(24, 'sejarah', 'Kolonialisme Di Papua', '<p>Pada tahun 1511 M, Antonio d&rsquo;Arbau pelaut asal&nbsp;<a class=\"mw-redirect\" title=\"Kolonialisme Portugis di Indonesia\" href=\"https://id.wikipedia.org/wiki/Kolonialisme_Portugis_di_Indonesia\">Portugis</a>&nbsp;menyebut wilayah Papua dengan nama &ldquo;<em>Os Papuas</em>&rdquo; atau&nbsp;<em>llha de Papo</em>. Don Jorge de Menetes, pelaut asal&nbsp;<a title=\"Spanyol\" href=\"https://id.wikipedia.org/wiki/Spanyol\">Spanyol</a>&nbsp;juga sempat mampir di Papua beberapa tahun kemudian (1526 &ndash; 1527), ia tetap menggunakan nama Papua. Ia sendiri mengetahui nama Papua dalam catatan harian Antonio Figafetta, juru tulis pelayaran&nbsp;<a class=\"mw-redirect\" title=\"Magelhaens\" href=\"https://id.wikipedia.org/wiki/Magelhaens\">Magelhaens</a>&nbsp;yang mengelilingi dunia menyebut dengan nama Papua. Nama Papua ini diketahui Figafetta saat ia singgah di&nbsp;<a title=\"Pulau Tidore\" href=\"https://id.wikipedia.org/wiki/Pulau_Tidore\">pulau Tidore</a>.</p>\r\n<p>Berikutnya, pada tahun 1528 M, Alvaro de Savedra, seorang pimpinan armada laut&nbsp;<a title=\"Spanyol\" href=\"https://id.wikipedia.org/wiki/Spanyol\">Spanyol</a>&nbsp;beri nama pulau&nbsp;<em>Papua Isla de Oro</em>&nbsp;atau&nbsp;<em>Island of Gold</em>&nbsp;yang artinya Pulau Emas. Ia juga merupakan satu-satunya pelaut yang berhasil menancapkan jangkar kapalnya di pantai utara kepulauan Papua. Dengan penyebutan&nbsp;<em>Isla Del Oro</em>&nbsp;membuat tidak sedikit pula para pelaut&nbsp;<a title=\"Eropa\" href=\"https://id.wikipedia.org/wiki/Eropa\">Eropa</a>&nbsp;yang datang berbondong-bondong untuk mencari emas yang terdapat di pulau emas tersebut.<em><sup id=\"cite_ref-FOOTNOTESaragih20198_20-4\" class=\"reference\"><a href=\"https://id.wikipedia.org/wiki/Papua#cite_note-FOOTNOTESaragih20198-20\">[18]</a></sup></em></p>\r\n<p>Pada tahun 1545 M, pelaut asal&nbsp;<a title=\"Spanyol\" href=\"https://id.wikipedia.org/wiki/Spanyol\">Spanyol</a>&nbsp;Inigo Ortiz de Retes memberi nama&nbsp;<em>Nueva Guinea</em>&nbsp;atau&nbsp;<em>Gova Guinea</em>&nbsp;(Pulau Guinea Baru). Ia awalnya menyusuri pantai utara pulau ini dan karena melihat ciri-ciri manusianya yang berkulit hitam dan berambut keriting sama seperti manusia yang ia lihat di belahan bumi&nbsp;<a title=\"Afrika\" href=\"https://id.wikipedia.org/wiki/Afrika\">Afrika</a>&nbsp;bernama&nbsp;<a title=\"Guinea\" href=\"https://id.wikipedia.org/wiki/Guinea\">Guinea</a>, maka diberi nama pulau ini Nueva Guinee/Pulau Guinea Baru, dan dimulailah era kolonialisme&nbsp;<a title=\"Belanda\" href=\"https://id.wikipedia.org/wiki/Belanda\">Belanda</a>&nbsp;di Papua<em><sup id=\"cite_ref-FOOTNOTESaragih20198_20-5\" class=\"reference\"><a href=\"https://id.wikipedia.org/wiki/Papua#cite_note-FOOTNOTESaragih20198-20\">[18]</a></sup></em></p>\r\n<p>Pada tahun 1606 M, sebuah ekspedisi&nbsp;<em>Duyfken</em>&nbsp;dipimpin oleh komandan Wiliam Jansen dari&nbsp;<a title=\"Belanda\" href=\"https://id.wikipedia.org/wiki/Belanda\">Belanda</a>&nbsp;mendarat di Papua. Ekspedisi ini terdiri atas 3 kapal, di mana mereka berlayar dari pantai&nbsp;<a title=\"Utara\" href=\"https://id.wikipedia.org/wiki/Utara\">Utara</a>&nbsp;<a title=\"Jawa\" href=\"https://id.wikipedia.org/wiki/Jawa\">Jawa</a>&nbsp;dan singgah di&nbsp;<a title=\"Kepulauan Kei\" href=\"https://id.wikipedia.org/wiki/Kepulauan_Kei\">Kepulauan Kei</a>,&nbsp;<a class=\"mw-disambig\" title=\"Aru\" href=\"https://id.wikipedia.org/wiki/Aru\">Aru</a>&nbsp;pantai&nbsp;<a class=\"mw-disambig\" title=\"Barat Daya\" href=\"https://id.wikipedia.org/wiki/Barat_Daya\">Barat Daya</a>&nbsp;Papua, dan mengenalnya sebagai Papua dari Jorge de Menetes. Seiring dengan meluasnya kekuasaan&nbsp;<a title=\"Belanda\" href=\"https://id.wikipedia.org/wiki/Belanda\">Belanda</a>, maka tahun 1663,&nbsp;<a title=\"Spanyol\" href=\"https://id.wikipedia.org/wiki/Spanyol\">Spanyol</a>&nbsp;meninggalkan Papua.<em><sup id=\"cite_ref-FOOTNOTESaragih20198_20-6\" class=\"reference\"><a href=\"https://id.wikipedia.org/wiki/Papua#cite_note-FOOTNOTESaragih20198-20\">[18]</a></sup></em></p>\r\n<p>Sebagai usaha untuk memperkuat kedudukannya di Papua, pada tahun 1770,&nbsp;<a title=\"Belanda\" href=\"https://id.wikipedia.org/wiki/Belanda\">Belanda</a>&nbsp;mengubah nama Papua menjadi&nbsp;<em>Nieuw Guinea</em>&nbsp;yang merupakan terjemahan ke dalam&nbsp;<a title=\"Bahasa Belanda\" href=\"https://id.wikipedia.org/wiki/Bahasa_Belanda\">bahasa Belanda</a>&nbsp;atas&nbsp;<em>Gova Guinea</em>&nbsp;atau&nbsp;<em>Nova Guinea</em>&nbsp;dan diterbitkan dalam peta internasional yang diterbitkan oleh Isaac Tiron, seorang pembuat peta berkebangsaan&nbsp;<a title=\"Belanda\" href=\"https://id.wikipedia.org/wiki/Belanda\">Belanda</a>&nbsp;pada&nbsp;<a class=\"mw-redirect\" title=\"Abad ke 18\" href=\"https://id.wikipedia.org/wiki/Abad_ke_18\">abad ke 18</a>. Dengan dimuatnya ke dalam peta tersebut, maka daerah ini kian terkenal di negara-negara&nbsp;<a title=\"Eropa\" href=\"https://id.wikipedia.org/wiki/Eropa\">Eropa</a>.<em><sup id=\"cite_ref-FOOTNOTESaragih20199_24-0\" class=\"reference\"><a href=\"https://id.wikipedia.org/wiki/Papua#cite_note-FOOTNOTESaragih20199-24\">[22]</a></sup></em></p>\r\n<p>Pada tahun 1774, kekuasaan&nbsp;<a title=\"Belanda\" href=\"https://id.wikipedia.org/wiki/Belanda\">Belanda</a>&nbsp;atas Papua jatuh ke tangan&nbsp;<a title=\"Inggris\" href=\"https://id.wikipedia.org/wiki/Inggris\">Inggris</a>. Di mana pada tahun 1775, nakhoda kapal&nbsp;<em>La Tartare</em>, Kapten Forrest dari&nbsp;<a title=\"Inggris\" href=\"https://id.wikipedia.org/wiki/Inggris\">Inggris</a>&nbsp;berlabuh di&nbsp;<a class=\"mw-redirect\" title=\"Manokwari\" href=\"https://id.wikipedia.org/wiki/Manokwari\">Manokwari</a>, Teluk Doreri, dan pada tahun 1793, Papua menjadi daerah koloninya yang baru. Berdasarkan perintah Gubernur&nbsp;<a title=\"Inggris\" href=\"https://id.wikipedia.org/wiki/Inggris\">Inggris</a>&nbsp;berkedudukan di&nbsp;<a title=\"Maluku\" href=\"https://id.wikipedia.org/wiki/Maluku\">Maluku</a>, mereka mulai membagi garis pulau dan mendirikan Benteng&nbsp;<em>Coronation</em>&nbsp;di Teluk Doreri. Namun Kamaludin Syah,&nbsp;<a class=\"mw-redirect\" title=\"Sultan Tidore\" href=\"https://id.wikipedia.org/wiki/Sultan_Tidore\">Sultan Tidore</a>&nbsp;yang berkuasa atas seluruh&nbsp;<a title=\"Kesultanan Tidore\" href=\"https://id.wikipedia.org/wiki/Kesultanan_Tidore\">Kesultanan Tidore</a>&nbsp;(di mana pulau Papua bagian Barat klaim masuk dalam wilayah kekuasaannya milik Belanda) menentang pendiriannya, sehingga pada tahun 1814,&nbsp;<a title=\"Inggris\" href=\"https://id.wikipedia.org/wiki/Inggris\">Inggris</a>&nbsp;meninggalkan Papua.<sup id=\"cite_ref-:0_21-1\" class=\"reference\"><a href=\"https://id.wikipedia.org/wiki/Papua#cite_note-:0-21\">[19]</a></sup><em><sup id=\"cite_ref-FOOTNOTESaragih20199_24-1\" class=\"reference\"><a href=\"https://id.wikipedia.org/wiki/Papua#cite_note-FOOTNOTESaragih20199-24\">[22]</a></sup></em></p>\r\n<p>Pada 24 Agustus 1828 berdirilah benteng&nbsp;<a class=\"mw-redirect\" title=\"Fort Du Bus\" href=\"https://id.wikipedia.org/wiki/Fort_Du_Bus\">Fort Du Bus</a>&nbsp;di Teluk Triton oleh A.J. van Delden atas nama Raja&nbsp;<a title=\"Willem I dari Belanda\" href=\"https://id.wikipedia.org/wiki/Willem_I_dari_Belanda\">Willem I</a>, sebagai penanda mulainya kolonialisme&nbsp;<a title=\"Belanda\" href=\"https://id.wikipedia.org/wiki/Belanda\">Belanda</a>&nbsp;di Papua dengan diwujudkannya kerjasama dalam bentuk penandatanganan surat perjanjian dengan tiga raja yaitu&nbsp;<a class=\"new\" title=\"Kerajaan Koiwai (halaman belum tersedia)\" href=\"https://id.wikipedia.org/w/index.php?title=Kerajaan_Koiwai&amp;action=edit&amp;redlink=1\">Raja Namatota</a>, Kassa (Raja Lahakia) dan Lutu (<em>orang kaya</em>&nbsp;di&nbsp;<a title=\"Lobo, Kaimana, Kaimana\" href=\"https://id.wikipedia.org/wiki/Lobo,_Kaimana,_Kaimana\">Lobo</a>&nbsp;dan Pulau Miwara). Mereka mendapatkan pengakuan sebagai kepala daerah dibawah Sultan Tidore dan tongkat kekuasaannya yang berkepala perak dari&nbsp;<a title=\"Belanda\" href=\"https://id.wikipedia.org/wiki/Belanda\">Belanda</a>, di mana secara bersamaan juga diangkat 28 kepala daerah bawahannya.<em><sup id=\"cite_ref-FOOTNOTESaragih201911_25-0\" class=\"reference\"><a href=\"https://id.wikipedia.org/wiki/Papua#cite_note-FOOTNOTESaragih201911-25\">[23]</a></sup></em>&nbsp;Belanda mengangkat Sultan Tidore sebagai penguasa atas wilayah Papua karena menanggap potensi ekonomi yang kecil, hingga pada tahun 1849, batas wilayah kekuasaan Tidore sudah sampai ke perbatasan modern Indonesia dan&nbsp;<a title=\"Papua Nugini\" href=\"https://id.wikipedia.org/wiki/Papua_Nugini\">Papua Nugini</a>.<sup id=\"cite_ref-Swadling_Wagner_Laba_p._17_22-1\" class=\"reference\"><a href=\"https://id.wikipedia.org/wiki/Papua#cite_note-Swadling_Wagner_Laba_p._17-22\">[20]</a></sup></p>\r\n<p>Tahun 1884,&nbsp;<a title=\"Papua Nugini\" href=\"https://id.wikipedia.org/wiki/Papua_Nugini\">Papua Nugini</a>&nbsp;dikuasai oleh&nbsp;<a title=\"Inggris\" href=\"https://id.wikipedia.org/wiki/Inggris\">Inggris</a>, dan pada tahun yang sama, Timur Laut Papua dikuasai oleh&nbsp;<a title=\"Jerman\" href=\"https://id.wikipedia.org/wiki/Jerman\">Jerman</a>. Perebutan kekuasaan ini baru berakhir pada 16 Mei 1895 di&nbsp;<a title=\"Den Haag\" href=\"https://id.wikipedia.org/wiki/Den_Haag\">Den Haag</a>&nbsp;diadakan pertemuan antara&nbsp;<a title=\"Belanda\" href=\"https://id.wikipedia.org/wiki/Belanda\">Belanda</a>&nbsp;dan&nbsp;<a title=\"Inggris\" href=\"https://id.wikipedia.org/wiki/Inggris\">Inggris</a>&nbsp;mengenai penetapan batas wilayahnya, dan dikenal sebagai&nbsp;<a title=\"Perjanjian Den Haag (1895)\" href=\"https://id.wikipedia.org/wiki/Perjanjian_Den_Haag_(1895)\">Perjanjian Den Haag (1895)</a>, serta termaktub dalam&nbsp;<em><a class=\"mw-redirect\" title=\"Staatsblad\" href=\"https://id.wikipedia.org/wiki/Staatsblad\">Staatsblaad van Nederlandsch Indie</a></em>&nbsp;1895 No. 220 dan 221 tertanggal 16 Mei 1895, di mana garis batasnya adalah&nbsp;<a class=\"mw-redirect\" title=\"Sungai Bensbach\" href=\"https://id.wikipedia.org/wiki/Sungai_Bensbach\">Sungai Bensbach</a>. Sungai ini membagi 2 wilayah yaitu, Papua bagian Barat sebagai wilayah&nbsp;<a title=\"Belanda\" href=\"https://id.wikipedia.org/wiki/Belanda\">Belanda</a>&nbsp;dan Papua bagian Timur atau dikenal sebagai&nbsp;<a title=\"Papua Nugini\" href=\"https://id.wikipedia.org/wiki/Papua_Nugini\">Papua Nugini</a>&nbsp;sebagai wilayah&nbsp;<a title=\"Inggris\" href=\"https://id.wikipedia.org/wiki/Inggris\">Inggris</a>. Wilayah kekuasaan&nbsp;<a title=\"Kerajaan Belanda\" href=\"https://id.wikipedia.org/wiki/Kerajaan_Belanda\">Kerajaan Belanda</a>. selanjutnya dikenal sebagai&nbsp;<em>Nederlands Nieuw Guinea.<sup id=\"cite_ref-FOOTNOTESaragih201911_25-1\" class=\"reference\"><a href=\"https://id.wikipedia.org/wiki/Papua#cite_note-FOOTNOTESaragih201911-25\">[23]</a></sup></em></p>');
INSERT INTO `setup_sumbar` (`id_sumbar`, `kat_sumbar`, `judul_sumbar`, `konten_sumbar`) VALUES
(25, 'sejarah', '1900 – Sampai Sekarang', '<p>Setelah mendeklarasikan kemerdekaan Indonesia, Indonesia mencari dukungan baik secara militer maupun diplomasi. Beberapa usaha perjuangan diplomasi oleh pihak RI dilakukan melalui Perjanjian Linggarjati pada 1946, Perjanjian Renville pada 1948, dan Perjanjian Roem-Royen pada 1949.</p>\r\n<p>Pada sidang BPUPKI 11 Juni 1945, berbeda dengan mayoritas anggota BPUPKI yang menginginkan Indonesia merdeka meliputi seluruh bekas Hindia Belanda, Malaya, Borneo Utara,&nbsp;<a title=\"Mohammad Hatta\" href=\"https://id.wikipedia.org/wiki/Mohammad_Hatta\">Mohammad Hatta</a>&nbsp;tidak setuju, &ldquo;Saya sendiri ingin mengatakan bahwa Papua sama sekali tidak saya pusingkan, bisa diserahkan kepada bangsa Papua sendiri. Bangsa Papua juga berhak menjadi bangsa merdeka,&rdquo; kata Hatta. Lanjutnya &ldquo;Kalau sudah ada bukti, bukti bertumpuk-tumpuk yang mengatakan bahwa bangsa Papua sebangsa dengan kita dan bukti-bukti itu nyata betul-betul, barulah saya mau menerimanya. Tetapi buat sementara saya hanya mau mengakui, bahwa bangsa Papua adalah bangsa Melanesia,&rdquo; walaupun ia menambahkan \"Akan tetapi kalau Pemerintah Nippon memberikan Papua yang dulu dibawah Pemerintah Belanda kepada Indonesia, saya tidak berkeberatan, hanya saya tidak menuntutnya, dan kalau sekiranya ditukar-tukar dengan Borneo Utara, saya tidak berkeberatan, malah bersyukur, karena, seperti yang saya katakan dahulu, saya tidak minta lebih dari pada tanah-air Indonesia yang dulu dijajah oleh Belanda, tetapi kalau ditukar memang merupakan satu kedaulatan.\" yang tercatat dalam Risalah Sidang Badan Penyelidik Usaha-Usaha Persiapan Kemerdekaan Indonesia (BPUPKI) dan Panitia Persiapan Kemerdekaan Indonesia (PPKI) 29 Mei 1945&mdash;19 Agustus 1945.<sup id=\"cite_ref-Sitompul_2019_26-0\" class=\"reference\"><a href=\"https://id.wikipedia.org/wiki/Papua#cite_note-Sitompul_2019-26\">[24]</a></sup><sup id=\"cite_ref-rslhbpupkippki_27-0\" class=\"reference\"><a href=\"https://id.wikipedia.org/wiki/Papua#cite_note-rslhbpupkippki-27\">[25]</a></sup>&nbsp;Dengan demikian, hingga 1956, Papua yang meliputi wilayah jajahan Belanda dan bukan meliputi&nbsp;<a title=\"Papua Nugini\" href=\"https://id.wikipedia.org/wiki/Papua_Nugini\">Papua Nugini</a>&nbsp;yang dijajah Inggris, berada di dalam lingkup Provinsi Maluku. Cikal bakal pemerintahan Provinsi Irian Barat adalah didirikannya lembaga Biro Irian dengan keterlibatan&nbsp;<a title=\"Silas Papare\" href=\"https://id.wikipedia.org/wiki/Silas_Papare\">Silas Papare</a>,&nbsp;<a title=\"Machmud Singgirei Rumagesan\" href=\"https://id.wikipedia.org/wiki/Machmud_Singgirei_Rumagesan\">Machmud Singgirei Rumagesan</a>, dan Wesplat (Van Abubakar Wesplat).<sup id=\"cite_ref-Kembalinya_Irian_Barat_pp._45-52_28-0\" class=\"reference\"><a href=\"https://id.wikipedia.org/wiki/Papua#cite_note-Kembalinya_Irian_Barat_pp._45-52-28\">[26]</a></sup></p>\r\n<p>Tahun 1945, oleh Residen JP Van Eechoud dibentuklah sekolah Bestuur. Di sana ia menunjuk Atmoprasojo, mantan tahanan diguli, menjadi direktur sekolah Bestuur untuk mendidik kaum terpelajar Papua. Sementara itu&nbsp;<a title=\"Soegoro Atmoprasodjo\" href=\"https://id.wikipedia.org/wiki/Soegoro_Atmoprasodjo\">Admoprasojo</a>&nbsp;menggunakan posisinya untuk membujuk murid-muridnya bahwa pemerintah Belanda adalah&nbsp;<a class=\"mw-redirect\" title=\"Penjajah\" href=\"https://id.wikipedia.org/wiki/Penjajah\">penjajah</a>&nbsp;dan upaya pemerintah Belanda adalah upaya melanjutkan&nbsp;<a title=\"Penjajahan\" href=\"https://id.wikipedia.org/wiki/Penjajahan\">penjajahan</a>&nbsp;di Papua maka ia meminta kaum terpelajar harus ikuti kemerdekaan Indonesia. Beberapa murid yang setuju<sup id=\"cite_ref-Wanggai_2008_11-4\" class=\"reference\"><a href=\"https://id.wikipedia.org/wiki/Papua#cite_note-Wanggai_2008-11\">[9]</a></sup>&nbsp;melakukan pertemuan tertutup di Tobati,&nbsp;<a class=\"mw-redirect\" title=\"Jayapura\" href=\"https://id.wikipedia.org/wiki/Jayapura\">Hollandia</a>. Untuk melawan upaya Pemerintah Belanda turut dibicarakan penggantian sebuah nama oleh Frans Kaisiepo selaku ketua panitia kemudian mengambil sebuah nama yaitu&nbsp;<a class=\"mw-redirect\" title=\"Irian\" href=\"https://id.wikipedia.org/wiki/Irian\">Irian</a>&nbsp;dari sebuah mitos Manseren Koreri, sebuah legenda yang dikenal luas oleh masyarakat luas Biak, yaitu&nbsp;<a class=\"mw-redirect\" title=\"Irian\" href=\"https://id.wikipedia.org/wiki/Irian\">Irian</a>. Pada perkembangan selanjutnya nama&nbsp;<a class=\"mw-redirect\" title=\"Irian\" href=\"https://id.wikipedia.org/wiki/Irian\">Irian</a>&nbsp;menjadi akronim untuk \"Ikuti Republik Indonesia Anti Nederlands\" sebagai kampanye menentang Pemerintah Belanda.<sup id=\"cite_ref-Wanggai_2008_11-5\" class=\"reference\"><a href=\"https://id.wikipedia.org/wiki/Papua#cite_note-Wanggai_2008-11\">[9]</a></sup></p>\r\n<p>Pada Desember 1945, direncanakan pemberontakan terhadap Belanda pada tanggal 25 Desember yang berpusat di Kampung Harapan, yang dipimpin Admoprasojo dan murid-muridnya beserta beberapa anggota KNIL, Batalion Papua, dan mantan Heiho. Namun pemerintah Belanda mengetahui rencana setelah diberi tahu salah satu anggota Batalion Papua. Otoritas Belanda memberi isu penyerangan kampung kristen akan dilakukan oleh anggota pemberontak yang beragama muslim, dan mengerahkan pasukan KNIL yang berpusat di Kloofkamp yang berjarak 40&nbsp;km dari Kampung Harapan untuk mengepungnya pada tanggal 15 Desember. Kemudian menggunakan pasukan asal Rabaul,&nbsp;<a title=\"Papua Nugini\" href=\"https://id.wikipedia.org/wiki/Papua_Nugini\">Papua Nugini</a>, Belanda menangkap 250 calon pemberontak, dan menangkap Atmoprasojo,&nbsp;<a title=\"Corinus Krey\" href=\"https://id.wikipedia.org/wiki/Corinus_Krey\">Corinus Krey</a>, Marthen Indey dan Silas Papare sebagai pemimpin operasi untuk dibawa ke Hollandia.<sup id=\"cite_ref-Lumintang_1997_29-0\" class=\"reference\"><a href=\"https://id.wikipedia.org/wiki/Papua#cite_note-Lumintang_1997-29\">[27]</a></sup></p>\r\n<p>Pada tanggal&nbsp;<a title=\"16 Juli\" href=\"https://id.wikipedia.org/wiki/16_Juli\">16 Juli</a>&nbsp;<a title=\"1946\" href=\"https://id.wikipedia.org/wiki/1946\">1946</a>,&nbsp;<a title=\"Frans Kaisiepo\" href=\"https://id.wikipedia.org/wiki/Frans_Kaisiepo\">Frans Kaisiepo</a>&nbsp;yang dipilih untuk mewakili Nieuw Guinea hadir untuk konferensi di Malino-Ujung Pandang, sebelum pergi ke Malino pada 9 Juli 1946, atas saran Corinus Krey, Frans Kaisiepo bertemu dengan Admoprasojo di penjara Abepura, Hollandia yang difasilitasi oleh sipir Elly Uyo dan anggota batalion papua, Johan Aer. Di pertemuan ini mereka setuju untuk menggunakan nama Irian.<sup id=\"cite_ref-Kemdikbud_1983_p.72-73_30-0\" class=\"reference\"><a href=\"https://id.wikipedia.org/wiki/Papua#cite_note-Kemdikbud_1983_p.72-73-30\">[28]</a></sup>&nbsp;Di Malino melalui pidatonya dalam penyiaran radio nasional, mengumumkan pergantian nama Papua dan Nieuw Guinea dengan nama Irian dan seharusnya masuk menjadi wilayah Indonesia, nama Irian adalah satu nama yang mengandung arti politik. Frans Kaisepo pernah mengatakan &ldquo;Perubahan nama Papua menjadi Irian, kecuali mempunyai arti historis, juga mengandung semangat perjuangan: IRIAN artinya Ikut Republik Indonesia Anti Nederland&rdquo;. (Buku PEPERA 1969 terbitan tahun 1972, hal. 107-108). Di saat yang bersamaan pada tanggal 17 Juli 1946, Panggoncang Alam melancarkan pemberontakan untuk melepaskan Atmoprasojo dengan melucuti pasukan KNIL dan menyerang beberapa lokasi walau akhirnya gagal. Silas Papare dianggap memiliki andil dalam peristiwa tersebut diasingkan dari Hollandia ke Serui, di mana dia bertemu dengan Sam Ratulangi yang sudah lebih dahulu diasingkan di sana. Selanjutnya PKII (<a title=\"Partai Kemerdekaan Indonesia Irian\" href=\"https://id.wikipedia.org/wiki/Partai_Kemerdekaan_Indonesia_Irian\">Partai Kemerdekaan Indonesia Irian</a>) didirikan oleh Papare di Serui bersama Alwi Rachman sebagai wakil, dan Sam Ratulangi sebagai penasihat. Komite Indonesia Merdeka (KIM) organisasi berasal di Melbourne mendirikan cabang Abepura pada Oktober 1946, dipimpin oleh Dr. J.A. Gerungan, yang setelah dipindahkan, dipimpin oleh Marthen Indey. Di Manokwari, Gerakan Merah Putih didirikan oleh Petrus Walebong dan Samuel Damianus Kawab,<sup id=\"cite_ref-Google_Play_Books_31-0\" class=\"reference\"><a href=\"https://id.wikipedia.org/wiki/Papua#cite_note-Google_Play_Books-31\">[29]</a></sup>&nbsp;gerakan ini kemudian menyebar ke Babo, Kokas, dan Sorong.<sup id=\"cite_ref-Irian_Jaya_(Indonesia)_1987_p._9_32-0\" class=\"reference\"><a href=\"https://id.wikipedia.org/wiki/Papua#cite_note-Irian_Jaya_(Indonesia)_1987_p._9-32\">[30]</a></sup>&nbsp;Cabang KIM di Biak diubah menjadi Partai Indonesia Merdeka (PIM) oleh Lukas Rumkorem, sedangkan di Sorong, Perintis Kemerdekaan didirikan oleh Sangaji Malan.<sup id=\"cite_ref-Sulindo_2019_33-0\" class=\"reference\"><a href=\"https://id.wikipedia.org/wiki/Papua#cite_note-Sulindo_2019-33\">[31]</a></sup></p>\r\n<p>Para tanggal 17 Agustus 1947, para pekerja Nederlandsch Nieuw Guinea Petroleum Maatschappij, mendirikan Persatuan Pemuda Indonesia (PPI) yang dipimpin Abraham Koromath. Pada tanggal 19 Maret 1948 terjadi pemberontakan terhadap Belanda di Biak yang dipimpin oleh Stevanus Yoseph dengan Petro Jandi, Terianus Simbiak, Honokh Rambrar, Petrus Kaiwai dan Hermanus Rumere. Para pemimpin pemberontakan ditangkap dan Petro Jandi dihukum mati, dan lainnya dipenjara.<sup id=\"cite_ref-Sulindo_2019_33-1\" class=\"reference\"><a href=\"https://id.wikipedia.org/wiki/Papua#cite_note-Sulindo_2019-33\">[31]</a></sup><sup id=\"cite_ref-Lumintang_2018_pp._47&ndash;60_34-0\" class=\"reference\"><a href=\"https://id.wikipedia.org/wiki/Papua#cite_note-Lumintang_2018_pp._47%E2%80%9360-34\">[32]</a></sup></p>\r\n<p>Pada tanggal 23 Agustus 1949 Konferensi Meja Bundar (KMB) dilakukan di Deen Hag, Belanda sebagai upaya pengakuan Kemerdekaan Republik Indonesia. Indonesia menuntut Pemerintah Belanda mengakui Kemerdekaan Indonesia dari Sabang sampai Merauke dan permasalahan mengenai status Irian Barat dibicarakan kemudian. Saat itu Kemerdekaan Indonesia diakui Pemerintah Belanda dari Aceh sampai Ambon dengan sistem&nbsp;<a title=\"Federasi\" href=\"https://id.wikipedia.org/wiki/Federasi\">Pemerintahan Federal</a>&nbsp;yang dikenal dengan&nbsp;<a title=\"Republik Indonesia Serikat\" href=\"https://id.wikipedia.org/wiki/Republik_Indonesia_Serikat\">Republik Indonesia Serikat</a>. Pemerintah Belanda menginginkan agar daerah masing-masing wilayah Indonesia harus membangun masing-masing wilayah administrasinya dengan pertanggungjawaban kepada pemerintah&nbsp;<a class=\"new\" title=\"(RIS) (halaman belum tersedia)\" href=\"https://id.wikipedia.org/w/index.php?title=(RIS)&amp;action=edit&amp;redlink=1\">(RIS)</a>&nbsp;sebagai Negara Bagian.</p>\r\n<p>Untuk wilayah Irian, Pemerintah Belanda menolak digabungkannya wilayah tersebut ke dalam&nbsp;<a title=\"Republik Indonesia Serikat\" href=\"https://id.wikipedia.org/wiki/Republik_Indonesia_Serikat\">Republik Indonesia Serikat</a>&nbsp;karena telah mendaftarkan Wilayah Non Self Government Territory di PBB yang akan didekolonisasi menjadi sebuah Negara Merdeka.<sup class=\"noprint Inline-Template\"><span title=\"Kalimat yang diikuti tag ini membutuhkan rujukan.\">[<em><a title=\"Wikipedia:Kutip sumber tulisan\" href=\"https://id.wikipedia.org/wiki/Wikipedia:Kutip_sumber_tulisan\">butuh rujukan</a></em>]</span></sup>&nbsp;Pada tahun&nbsp;<a title=\"1946\" href=\"https://id.wikipedia.org/wiki/1946\">1946</a>, berdasarkan data resolusi 66(I), Daftar Wilayah Non Self Government Territory di PBB mencakup seluruh wilayah Netherlands Indies.<sup id=\"cite_ref-UN_35-0\" class=\"reference\"><a href=\"https://id.wikipedia.org/wiki/Papua#cite_note-UN-35\">[33]</a></sup>&nbsp;<a title=\"Belanda\" href=\"https://id.wikipedia.org/wiki/Belanda\">Belanda</a>&nbsp;kembali mengubah nama Papua dari Nieuw Guinea menjadi Nederlands Nieuw Guinea. Perubahan nama tersebut sejalan dengan upaya pemerintah Belanda untuk dekolonisasi Nieuw Guinea sesuai dengan Piagam PBB 1945 tentang Penghapusan Wilayah Koloni.<sup class=\"noprint Inline-Template\"><span title=\"Kalimat yang diikuti tag ini membutuhkan rujukan.\">[<em><a title=\"Wikipedia:Kutip sumber tulisan\" href=\"https://id.wikipedia.org/wiki/Wikipedia:Kutip_sumber_tulisan\">butuh rujukan</a></em>]</span></sup>&nbsp;Menurut Arend Lijphart, motivasi Belanda memisahkan wilayah Papua didasari oleh letak strategisnya untuk pusat tentara laut kerajaan Belanda di pasifik, memindahkan Indo-eurasian dari wilayah Indonesia lainnya, dan untuk mengontrol kepentingan ekonomisnya di Indonesia.<sup id=\"cite_ref-36\" class=\"reference\"><a href=\"https://id.wikipedia.org/wiki/Papua#cite_note-36\">[34]</a></sup>&nbsp;Untuk menghapuskan nasionalisme Indonesia, Van Eechoud melarang PKII dan KIM, dan membuang tokohnya ke Makassar, Jawa, dan Sumatra. Tokoh-tokoh yang dibuang seperti&nbsp;<a title=\"Silas Papare\" href=\"https://id.wikipedia.org/wiki/Silas_Papare\">Silas Papare</a>,&nbsp;<a title=\"Albert Karubuy\" href=\"https://id.wikipedia.org/wiki/Albert_Karubuy\">Albert Karubuy</a>, N.L. Suwages, Machmud Singgirei Rumagesan. Walau beberapa masih pula berada di Papua seperti, Steven Rumbewas, Corinus Krey, Marthen Indey, Abraham Koromath, Samuel Damianus Kawab, Elieser Jan Bonay, dan Elly Uyo.<sup id=\"cite_ref-Politik_Hukum_2021_p._115_37-0\" class=\"reference\"><a href=\"https://id.wikipedia.org/wiki/Papua#cite_note-Politik_Hukum_2021_p._115-37\">[35]</a></sup></p>\r\n<p>Di tahun 1956, akibat penangkapan terhadap pemimpin PPI dan OPI di Sorong, Organisasi Pemuda Irian tersebut kemudian dipimpin oleh Bastian Samori, Yulius Worabay, Lodewijk Wosiri, Bob Warinusi, dan&nbsp;<a title=\"Elias Paprindey\" href=\"https://id.wikipedia.org/wiki/Elias_Paprindey\">Elias Paprindey</a>. Pada tanggal 3 November 1956, mereka berupaya untuk mesabotase tanki minyak di Sorong. Terjadi pemberontakan serupa oleh pemuda di Fakfak, di mana mereka menyerang pos polisi belanda.<sup id=\"cite_ref-Google_Play_Books_31-1\" class=\"reference\"><a href=\"https://id.wikipedia.org/wiki/Papua#cite_note-Google_Play_Books-31\">[29]</a></sup>&nbsp;Pemerintah Belanda kemudian menangkap Elias Paprindey, Elimelek Ayoni, dan Franky Kossa pada tahun 1959.<sup id=\"cite_ref-Nurhabsyah_2005_38-0\" class=\"reference\"><a href=\"https://id.wikipedia.org/wiki/Papua#cite_note-Nurhabsyah_2005-38\">[36]</a></sup></p>\r\n<p>Pada tanggal 15 Juni 1960, legislasi New Guinea Organic law diadopsi di parlemen Belanda, dengan demikian Dewan Papua yang dikenal dengan nama&nbsp;<a title=\"Dewan Nugini\" href=\"https://id.wikipedia.org/wiki/Dewan_Nugini\">Dewan Nugini</a>&nbsp;dibentuk. Di dalam kegiatan dewan ini salah satunya adalah mengkaji sejarah dan budaya Papua dengan membentuk Dewan Adat Papua, termasuk pembentukan Partai Politik Papua, serta mengizinkan Keterlibatan Partai Politik Papua dalam Pemilihan Dewan Papua atau Nieuw Guinea Rad, selanjutnya Dewan Nugini menyetujui sebuah simbol bangsa papua yaitu&nbsp;<a title=\"Mambruk\" href=\"https://id.wikipedia.org/wiki/Mambruk\">burung mambruk</a>&nbsp;sebagai simbol&nbsp;<em>Bangsa Papua</em>, Bendera&nbsp;<a class=\"mw-redirect\" title=\"Bintang Kejora\" href=\"https://id.wikipedia.org/wiki/Bintang_Kejora\">Bintang Kejora</a>&nbsp;sebagai&nbsp;<em>bendera Papua Barat</em>, lagu&nbsp;<a title=\"Hai Tanahku Papua\" href=\"https://id.wikipedia.org/wiki/Hai_Tanahku_Papua\">Hai Tanahku Papua</a>&nbsp;sebagai&nbsp;<em>lagu Kebangsaan Papua Barat</em>, uang&nbsp;<a title=\"Gulden Papua Barat\" href=\"https://id.wikipedia.org/wiki/Gulden_Papua_Barat\">Gulden Papua Barat</a>&nbsp;sebagai&nbsp;<em>mata uang Bangsa Papua Barat</em>&nbsp;mempersiapkan&nbsp;<em>Kemerdekaan Papua</em>&nbsp;di rencanakan penyerahan kemerdekaan Papua secara&nbsp;<a title=\"De facto\" href=\"https://id.wikipedia.org/wiki/De_facto\">de facto</a>&nbsp;tahun&nbsp;<a title=\"1961\" href=\"https://id.wikipedia.org/wiki/1961\">1961</a>.<sup class=\"noprint Inline-Template\"><span title=\"Kalimat yang diikuti tag ini membutuhkan rujukan.\">[<em><a title=\"Wikipedia:Kutip sumber tulisan\" href=\"https://id.wikipedia.org/wiki/Wikipedia:Kutip_sumber_tulisan\">butuh rujukan</a></em>]</span></sup>&nbsp;Pada tanggal 19 October 1961,&nbsp;<a title=\"Dewan Nugini\" href=\"https://id.wikipedia.org/wiki/Dewan_Nugini\">Dewan Nugini</a>&nbsp;mengajukan manifesto untuk permohonan izin mendeklarasikan Simbol Bangsa Papua Barat. Maka pada&nbsp;<a title=\"1 Desember\" href=\"https://id.wikipedia.org/wiki/1_Desember\">1 Desember</a>&nbsp;<a title=\"1961\" href=\"https://id.wikipedia.org/wiki/1961\">1961</a>, Pemerintah Belanda mengizinkan simbol tersebut diadopsi sebelah bendera&nbsp;<em>landvlag</em>&nbsp;(bendera tanah atau budaya) dan lagu tersebut menjadi&nbsp;<em>volkslied</em>&nbsp;(lagu rakyat).<sup id=\"cite_ref-Veur_1963_pp._54&ndash;73_39-0\" class=\"reference\"><a href=\"https://id.wikipedia.org/wiki/Papua#cite_note-Veur_1963_pp._54%E2%80%9373-39\">[37]</a></sup></p>\r\n<p>Pada tahun 1958 sampai 1961, sejumlah pemuda papua melintas ke wilayah Indonesia, mereka diterima dan mendapat pelatihan militer dalam rangka upaya perebutan kembali dari pemerintah Belanda, beberapa tokoh<sup id=\"cite_ref-40\" class=\"reference\"><a href=\"https://id.wikipedia.org/wiki/Papua#cite_note-40\">[38]</a></sup>&nbsp;terkenal berikut JA Dimara, Benny Torey, Marinus Imbury, Zadrack Rumbobiar, Melkianus Torey, dan Metusalim Fimbay.<sup id=\"cite_ref-Google_Play_Books_31-2\" class=\"reference\"><a href=\"https://id.wikipedia.org/wiki/Papua#cite_note-Google_Play_Books-31\">[29]</a></sup><sup id=\"cite_ref-Politik_Hukum_2021_p._118_41-0\" class=\"reference\"><a href=\"https://id.wikipedia.org/wiki/Papua#cite_note-Politik_Hukum_2021_p._118-41\">[39]</a></sup></p>\r\n<p>Di&nbsp;<a class=\"mw-redirect\" title=\"Jayapura\" href=\"https://id.wikipedia.org/wiki/Jayapura\">Jayapura</a>&nbsp;dan Manokwari melaksanakan Upacara Deklarasi kemerdekaan Papua Barat secara&nbsp;<a title=\"De facto\" href=\"https://id.wikipedia.org/wiki/De_facto\">de facto</a>&nbsp;dan secara&nbsp;<a title=\"De jure\" href=\"https://id.wikipedia.org/wiki/De_jure\">de jure</a>&nbsp;dipersiapkan tahun 1969 sesuai dengan rencana Pemerintah Belanda memberikan Kemerdekaan bagi Nederlands Nieuw Guinea<sup class=\"noprint Inline-Template\"><span title=\"Kalimat yang diikuti tag ini membutuhkan rujukan.\">[<em><a title=\"Wikipedia:Kutip sumber tulisan\" href=\"https://id.wikipedia.org/wiki/Wikipedia:Kutip_sumber_tulisan\">butuh rujukan</a></em>]</span></sup>&nbsp;dalam Daftar Wilayah Dekolonisasi atau Wilayah Non Self Government Territory di PBB dan ditangani oleh Badan Dekolonisasi PBB yang dikenal&nbsp;<em>Tim 24</em>.<sup class=\"noprint Inline-Template\"><span title=\"Kalimat yang diikuti tag ini membutuhkan rujukan.\">[<em><a title=\"Wikipedia:Kutip sumber tulisan\" href=\"https://id.wikipedia.org/wiki/Wikipedia:Kutip_sumber_tulisan\">butuh rujukan</a></em>]</span></sup>&nbsp;Pada tanggal tersebut semua masyarakat Papua dan pegawai Pemerintah Belanda mengikuti Acara Deklarasi Simbol Bangsa Papua sekaligus Deklarasi Kemerdekaan Papua Barat.<sup class=\"noprint Inline-Template\"><span title=\"Kalimat yang diikuti tag ini membutuhkan rujukan.\">[<em><a title=\"Wikipedia:Kutip sumber tulisan\" href=\"https://id.wikipedia.org/wiki/Wikipedia:Kutip_sumber_tulisan\">butuh rujukan</a></em>]</span></sup>&nbsp;Saat itu Lagu Kebangsaan Papua Barat dan Lagu Kebangsaan Belanda dinyanyikan saat pengibaran&nbsp;<a class=\"mw-redirect\" title=\"Bintang Kejora\" href=\"https://id.wikipedia.org/wiki/Bintang_Kejora\">Bintang Kejora</a>&nbsp;disamping&nbsp;<a title=\"Bendera Belanda\" href=\"https://id.wikipedia.org/wiki/Bendera_Belanda\">Bendera Belanda</a>&nbsp;sebagai Deklarasi Kemerdekaan Papua Barat.<sup class=\"noprint Inline-Template\"><span title=\"Kalimat yang diikuti tag ini membutuhkan rujukan.\">[<em><a title=\"Wikipedia:Kutip sumber tulisan\" href=\"https://id.wikipedia.org/wiki/Wikipedia:Kutip_sumber_tulisan\">butuh rujukan</a></em>]</span></sup></p>\r\n<p>Tanggal 15 Agustus 1962 dilakukan Perjanjian New York yang dimediasi oleh Amerika Serikat yang berisi penyerahan Papua bagian barat dari Belanda melalui United Nations Temporary Executive Authority (UNTEA) kepada Indonesia. Sedangkan&nbsp;<a title=\"Otoritas Eksekutif Sementara Perserikatan Bangsa-Bangsa\" href=\"https://id.wikipedia.org/wiki/Otoritas_Eksekutif_Sementara_Perserikatan_Bangsa-Bangsa\">United Nations Temporary Executive Authority (UNTEA)</a>, sebuah badan khusus yang dibentuk&nbsp;<a title=\"Perserikatan Bangsa-Bangsa\" href=\"https://id.wikipedia.org/wiki/Perserikatan_Bangsa-Bangsa\">PBB</a>&nbsp;untuk mengawasi&nbsp;<a title=\"Penentuan Pendapat Rakyat\" href=\"https://id.wikipedia.org/wiki/Penentuan_Pendapat_Rakyat\">act free choice</a>&nbsp;di Papua yang pada tahun&nbsp;<a title=\"1969\" href=\"https://id.wikipedia.org/wiki/1969\">1969</a>&nbsp;menggunakan dua nama untuk&nbsp;<a title=\"Papua (wilayah Indonesia)\" href=\"https://id.wikipedia.org/wiki/Papua_(wilayah_Indonesia)\">Papua</a>, yaitu West New Guinea/West Irian. Saat itu delegasi Indonesia dipimpin oleh Subandrio, dengan perwakilan asal Papua meliputi&nbsp;<a title=\"Johannes Abraham Dimara\" href=\"https://id.wikipedia.org/wiki/Johannes_Abraham_Dimara\">J.A. Dimara</a>,&nbsp;<a title=\"Albert Karubuy\" href=\"https://id.wikipedia.org/wiki/Albert_Karubuy\">Albert Karubuy</a>,&nbsp;<a title=\"Frits Kirihio\" href=\"https://id.wikipedia.org/wiki/Frits_Kirihio\">Frits Kirihio</a>,&nbsp;<a title=\"Silas Papare\" href=\"https://id.wikipedia.org/wiki/Silas_Papare\">Silas Papare</a>, M. Indey, dan Efraim Somisu.<sup id=\"cite_ref-25_Tahun_Trikora_p.156_42-0\" class=\"reference\"><a href=\"https://id.wikipedia.org/wiki/Papua#cite_note-25_Tahun_Trikora_p.156-42\">[40]</a></sup></p>\r\n<p>Pada tanggal 14 Juli&ndash;2 Agustus 1969 untuk menentukan status daerah bagian barat Pulau Papua, antara milik Belanda atau Indonesia. 1.025 laki-laki dan perempuan dipilih menjadi delegasi wilayahnya dan secara aklamasi memilih bergabung dengan Indonesia, kritik menyebutkan militer Indonesia lah yang memilih dengan paksaan. Berikutnya, nama Papua atau Nederlands Nieuw Guinea diganti menjadi Irian Barat sejak&nbsp;<a title=\"5 Mei\" href=\"https://id.wikipedia.org/wiki/5_Mei\">5 Mei</a>&nbsp;<a title=\"1963\" href=\"https://id.wikipedia.org/wiki/1963\">1963</a>&nbsp;saat wilayah diserahkan dari&nbsp;<a title=\"Kerajaan Belanda\" href=\"https://id.wikipedia.org/wiki/Kerajaan_Belanda\">Belanda</a>&nbsp;ke dalam&nbsp;<a class=\"mw-redirect\" title=\"Sejarah Indonesia (1959&ndash;1965)\" href=\"https://id.wikipedia.org/wiki/Sejarah_Indonesia_(1959%E2%80%931965)\">Negara Republik Indonesia</a>. Pada tahun 1967, kontrak kerja sama PT Freeport Mc Morran dengan pemerintah Indonesia dilangsungkan oleh Suharto setelah ditolak Sukarno. Dalam kontrak ini Freeport gunakan nama Irian Barat, walau secara resmi Papua belum menjadi Provinsi di Indonesia.<sup id=\"cite_ref-Budiartie_2018_43-0\" class=\"reference\"><a href=\"https://id.wikipedia.org/wiki/Papua#cite_note-Budiartie_2018-43\">[41]</a></sup></p>\r\n<p>Dalam Sidang Umum PBB 1969 Agenda Pembahasan Pelaksanaan&nbsp;<a class=\"mw-redirect\" title=\"PEPERA\" href=\"https://id.wikipedia.org/wiki/PEPERA\">PEPERA</a>&nbsp;menjadi masalah sengit antara dua kubu dengan pembahasan menjadi tiga hari dari biasanya satu jam. Kelompok Pan African yang terdiri dari Negara-negara Afrika dan Amerika dan Amerika Latin menolak dan menuntut Pelaksanaan Ulang dengan One Man One Vote bukan dengan cara Musyawarah Indonesia yang dipake dalam&nbsp;<a class=\"mw-redirect\" title=\"PEPERA\" href=\"https://id.wikipedia.org/wiki/PEPERA\">PEPERA</a>&nbsp;sedangkan Negara-negara Asia mendukung Indonesia. Sidang diskor 1 Minggu dan Indonesia memperoleh dukungan 53%.<sup class=\"noprint Inline-Template\"><span title=\"Kalimat yang diikuti tag ini membutuhkan rujukan.\">[<em><a title=\"Wikipedia:Kutip sumber tulisan\" href=\"https://id.wikipedia.org/wiki/Wikipedia:Kutip_sumber_tulisan\">butuh rujukan</a></em>]</span></sup></p>\r\n<p>Papua adalah bagian Negara Indonesia setelah dilakukannya Penentuan Pendapat Rakyat (PEPERA) tahun&nbsp;<a title=\"1969\" href=\"https://id.wikipedia.org/wiki/1969\">1969</a>. Kemudian pada tanggal&nbsp;<a title=\"1 Maret\" href=\"https://id.wikipedia.org/wiki/1_Maret\">1 Maret</a>&nbsp;<a title=\"1973\" href=\"https://id.wikipedia.org/wiki/1973\">1973</a>&nbsp;sesuai dengan peraturan Nomor 5 tahun 1973 nama Irian Barat resmi diganti oleh&nbsp;<a title=\"Soeharto\" href=\"https://id.wikipedia.org/wiki/Soeharto\">Presiden Soeharto</a>&nbsp;menjadi nama Irian Jaya.<sup class=\"noprint Inline-Template\"><span title=\"Kalimat yang diikuti tag ini membutuhkan rujukan.\">[<em><a title=\"Wikipedia:Kutip sumber tulisan\" href=\"https://id.wikipedia.org/wiki/Wikipedia:Kutip_sumber_tulisan\">butuh rujukan</a></em>]</span></sup></p>\r\n<p>Memasuki&nbsp;<a class=\"mw-redirect\" title=\"Sejarah Indonesia (1998&ndash;sekarang)\" href=\"https://id.wikipedia.org/wiki/Sejarah_Indonesia_(1998%E2%80%93sekarang)\">era reformasi</a>&nbsp;sebagian masyarakat menuntut penggantian nama Irian Jaya menjadi Papua.&nbsp;<a title=\"Abdurrahman Wahid\" href=\"https://id.wikipedia.org/wiki/Abdurrahman_Wahid\">Presiden Abdurrahman Wahid</a>&nbsp;memenuhi permintaan sebagian masyarakat tersebut. Dalam acara kunjungan resmi kenegaraan Presiden, sekaligus menyambut pergantian tahun baru&nbsp;<a title=\"1999\" href=\"https://id.wikipedia.org/wiki/1999\">1999</a>&nbsp;ke&nbsp;<a title=\"2000\" href=\"https://id.wikipedia.org/wiki/2000\">2000</a>, pagi hari tanggal&nbsp;<a title=\"1 Januari\" href=\"https://id.wikipedia.org/wiki/1_Januari\">1 Januari</a>&nbsp;<a title=\"2000\" href=\"https://id.wikipedia.org/wiki/2000\">2000</a>, dia memaklumkan bahwa nama Irian Jaya saat itu diubah namanya menjadi Papua seperti yang diberikan oleh&nbsp;<a title=\"Kesultanan Tidore\" href=\"https://id.wikipedia.org/wiki/Kesultanan_Tidore\">Kesultanan Tidore</a>&nbsp;pada tahun&nbsp;<a title=\"1800\" href=\"https://id.wikipedia.org/wiki/1800\">1800</a>-an.</p>'),
(26, 'wisata', 'Taman Nasional Wasur', '<p>Jalan-jalan ke Papua belum lengkap rasanya kalau belum bertemu fauna unik seperti burung kasuari. Kekayaan flora dan fauna Papua bisa Sobat Pesona temui di Taman Nasional Wasur yang terletak di Kabupaten Merauke. Dengan luas lahan sebesar 413.810 hektare, taman ini memiliki hutan sabana terluas di Indonesia, bahkan di Asia. Nah, kebanyakan fauna di taman ini adalah fauna migran dan tinggal di enam ekosistem yang berbeda. Kalau Sobat Pesona berkunjung ke sini, rasanya seperti lagi berpetualang!</p>'),
(27, 'wisata', 'Taman Nasional Lorentz ', '<p>Enggak kalah spektakulernya, Taman Nasional Lorentz di Papua pun memiliki kemegahan terbesar di Asia Tenggara dan diakui sebagai situs warisan dunia oleh UNESCO. Saking luasnya, 2.505.600 hektare lahan taman ini menempati 10 kabupaten di Papua. Enggak heran, pintu masuk taman nasional ini ada tiga kota berbeda, yaitu Timika, Wamena, dan Enarotali. Luas banget ya, Sobat Pesona!</p>\r\n<p>Tak hanya itu, Taman Nasional Lorentz juga merupakan kawasan konservasi terluas dengan ekosistem terlengkap di Asia Pasifik. Fauna khasnya adalah cendrawasih ekor panjang, puyuh salju, dan kanguru pohon dingiso. Wih, kayaknya Sobat Pesona harus kenalan sama aneka hewan ini kalau ke sana!</p>'),
(29, 'wisata', 'Raja Ampat', '<p>Siapa di antara Sobat Pesona yang belum kenal jagoan wisatanya Papua Barat, sang&nbsp;<a href=\"https://www.indonesia.travel/id/id/destinasi/maluku-papua/raja-ampat\">Raja Ampat</a>? Berkat gugusan pulau bak kura-kura yang menghiasi lautan Raja Ampat serta cantiknya taman bawah laut yang mengagumkan, popularitas destinasi wisata ini sukses mendunia!</p>\r\n<p>Berlokasi di Kabupaten Raja Ampat, Papua Barat, luas Kepulauan Raja Ampat mencapai 4,6 juta hektare! Area ini rumah bagi 75% spesies laut di dunia, lho!&nbsp;<a href=\"https://www.indonesia.travel/id/id/ide-liburan/mau-wisata-ke-raja-ampat-ini-8-spot-menyelam-terbaiknya\">Surga b</a><a href=\"https://www.indonesia.travel/id/id/ide-liburan/mau-wisata-ke-raja-ampat-ini-8-spot-menyelam-terbaiknya\">awah laut</a>&nbsp;memang bukan sekadar julukan. Pokoknya, Raja Ampat memang pantas jadi yang pertama kali harus dikunjungi ke Papua.</p>'),
(30, 'wisata', '', '<p>Itu dia Sobat Pesona, deretan destinasi wisata di Papua dan Papua Barat yang wajib masuk ke daftar<em>&nbsp;</em>kunjunganmu. Tanah Papua memang sangat terjaga kelestarian alam serta kebudayaannya dan tidak bisa ditemukan di tempat lain dan hanya #DiIndonesiaAja. Gimana Sobat Pesona, semakin tertarik untuk&nbsp;<a href=\"https://www.indonesia.travel/id/id/ide-liburan/7-alasan-kenapa-sobat-pesona-harus-jalan-jalan-di-indonesia-aja\">berjalan-jalan?</a></p>'),
(31, 'kuliner', '1. Makanan Khas Papua Tepung ', '<p>Sagu menjadi menjadi masakan tradisional beberapa daerah seperti Ambon dan Papua. Sagu bisa dibuat menjadi tepung yang dibuat dari teras batang rumbia atau pohon&nbsp;<a class=\"google-anno\" href=\"https://www.gramedia.com/best-seller/makanan-khas-papua/\">&nbsp;<span class=\"google-anno-t\">sagu</span></a>. Tepung sagu hampir mirip tepung tapioka.</p>\r\n<p>Manfaat sagu di antaranya adalah dapat mencegah penyakit lambung, aman dikonsumsi penderita diabetes, dapat membuat kenyang lebih tahan lama, dan baik untuk pertumbuhan anak.</p>\r\n<div class=\"google-auto-placed ap_container\">&nbsp;</div>\r\n<p>Sagu bisa diolah menjadi papeda, sagu lempeng, sagu lempeng gula merah, sagu bakar kelapa, sagu bakar. Selain itu, bahan ini bisa kembangkan menjadi roti, biskuit, mie, soun, kerupuk, sagu mutiara, dan bahan sirup.</p>\r\n<p>Seperti yang sudah diketahui oleh banyak orang bahwa Papua sangat dikenal dengan sagunya. Bahkan, makanan khas yang terbuat dari sagu sudah tersebar hampir di setiap daerah Indonesia. Apabila kamu ingin mendalami tentang sagu Papua, maka kamu bisa mencarinya melalui buku Sagu Papua karya Ahmad Arif. Lewat buku ini, wawasan kamu tentang sagu Papua akan bertambah.</p>'),
(32, 'kuliner', '2. Papeda', '<p>Papeda merupakan makanan khas Papua, Maluku, dan beberapa daerah di Sulawesi. Papeda menjadi makanan khas yang paling populer, bahkan masyarakat luar Papua pun juga banyak yang menyukai makanan satu ini. Bentuk makanan ini seperti pasta atau gel. Papeda mengandung karbohidrat pengganti nasi.</p>\r\n<p>Papeda memiliki warna putih bening atau agak keruh dan tekstur lengket yang mirip dengan lem. Papeda dibuat dari proses pengolahan sagu. Makanan ini biasanya dihidangkan bersama ikan, daging, kelapa, sayuran dan lainnya. Papeda bisa dibungkus menggunakan daun pisang untuk dimakan nanti.</p>'),
(33, 'kuliner', '3.  Sagu Lempeng', '<p>Sagu lempeng merupakan kue kering yang bisa dimakan langsung atau dicelupkan pada teh panas, kopi, dan kuah ikan. Bentuk dan ukuran kue ini bervariasi tergantung dari alat pencetak dan cara memasak. Sagu lempeng dikenal sebagai roti tawar khas Papua yang dibuat dari&nbsp;<a class=\"google-anno\" href=\"https://www.gramedia.com/best-seller/makanan-khas-papua/\">&nbsp;<span class=\"google-anno-t\">sagu</span></a>, dicetak, dan dibakar. Selain dinikmati sendiri, sagu lempeng juga cocok dijadikan teman minum kopi atau teh saat sedang bersantai.</p>\r\n<p>Pembuatan sagu lempeng terbilang mudah seperti pembuatan roti lain. Sagu diolah dengan cara dibakar dengan dicetak persegi panjang atau empat dengan besi. Rasa awalnya, tawar. Namun, setelah beberapa lama, rasanya sudah mulai bervariasi dengan gula untuk mendapatkan cita rasa manis. Teksturnya keras dan bisa dinikmati dengan dicampur atau dicelupkan ke air supaya lebih lunak.</p>\r\n<p>Sagu lempeng kebanyakan berbentuk pipih dan persegi panjang. Rasa dari kue ini keras, tawas dan cepat mengembang di dalam air. Alat memasak kue ini disebut forna. Forna terdiri dari 4 sampai 6 lekukan yang terbuat dari tanah. Fungsi forna adalah penghantar panas ketika pemasakan sagu lempeng. Alat masak sagu lempeng ini juga menjadi penyimpan panas, sehingga suhu panas selama proses memasak dapat merata.</p>'),
(34, 'kuliner', '4. Udang Selingkuh', '<p>Udang selingkuh merupakan makanan khas daerah Papua. Udang yang dipakai biasanya jenis udang air tawar. Tekstur dari udang ini mirip dengan lobster. Disebut udang selingkuh karena udang tersebut memiliki bentuk capit seperti kepiting. Warga lokal menganggap udang tersebut berselingkuh dengan kepiting.</p>\r\n<p>Dalam proses penyajian, biasanya udang ini direbus, digoreng, dan juga dibakar. Selama dibakar biasanya ada yang menambahkan bumbu atau garam saja, dan ada juga yang tidak. Apapun teknik memasaknya, cita rasa khas dari makanan yang satu ini tetap akan terasa.</p>\r\n<p>Dengan berjalannya waktu, bumbu untuk memasak udang selingkuh mulai beragam ada yang menggunakan saus tiram, lada hitam, saus padang, dan juga asam manis. Jangan lupa pelengkap udang selingkuh ini yaitu, sayur kangkung, dan juga bunga pepaya dijamin makin nikmat dan lezat. Terlebih lagi, tekstur masakan udang ini lembut dan manis.</p>'),
(35, 'kuliner', '5. Ikan Bakar Manokwari', '<p>Ikan Bakar Manokwari merupakan makanan khas Papua Barat. Ikan Bakar Manokwari memiliki cita rasa bumbu yang berbeda karena menggunakan sambal khas yang hanya bisa ditemui di Papua. Sambal khas ini berasal dari bumbu-bumbu khusus yang digiling sampai mendapatkan tekstur yang sempurna dan biasanya disajikan mentah.</p>\r\n<p>Sebelum dibakar, ikan dilumuri dengan jeruk nipis supaya lebih segar dan mengurangi bau. Ikan Bakar Manokwari memiliki nilai gizi seperti vitamin, zat besi, mineral, dan lemak. Masakan ini bisa disajikan bersama dengan nasi hangat, sambal, kemangi, dan es jeruk. Lalu, apakah kamu pernah mencoba makanan khas Papua yang satu ini?</p>');

-- --------------------------------------------------------

--
-- Struktur dari tabel `tbl_admin`
--

CREATE TABLE `tbl_admin` (
  `user_admin` varchar(20) NOT NULL,
  `pass_admin` varchar(20) NOT NULL,
  `level` varchar(20) NOT NULL,
  `aktif` varchar(20) NOT NULL DEFAULT 'Y',
  `nama` varchar(30) NOT NULL
) ENGINE=InnoDB DEFAULT CHARSET=utf8mb3;

--
-- Dumping data untuk tabel `tbl_admin`
--

INSERT INTO `tbl_admin` (`user_admin`, `pass_admin`, `level`, `aktif`, `nama`) VALUES
('admin', 'admin', 'admin', 'Y', 'Administrator'),
('jojo', 'jojo', 'admin', 'Y', 'Jonathan Nathannael Zefanya'),
('operator', 'operator', 'operator', 'Y', 'Operator'),
('wan', 'wan', 'operator', 'Y', 'Ridhuan Rangga Kusuma');

-- --------------------------------------------------------

--
-- Struktur dari tabel `tbl_bukti`
--

CREATE TABLE `tbl_bukti` (
  `id_bukti` int NOT NULL,
  `id_pesan` int NOT NULL,
  `file` text NOT NULL
) ENGINE=InnoDB DEFAULT CHARSET=utf8mb3;

--
-- Dumping data untuk tabel `tbl_bukti`
--

INSERT INTO `tbl_bukti` (`id_bukti`, `id_pesan`, `file`) VALUES
(1, 1, 'cropped-GravityNew-01.png'),
(2, 2, 'BI.png'),
(3, 2, 'cropped-GravityNew-01.png'),
(4, 6, '1ba2a59c76d2acf1aa22e372fd98ff6c.jpg'),
(5, 6, '1ba2a59c76d2acf1aa22e372fd98ff6c.jpg'),
(6, 9, '1ba2a59c76d2acf1aa22e372fd98ff6c.jpg');

-- --------------------------------------------------------

--
-- Struktur dari tabel `tbl_daerah`
--

CREATE TABLE `tbl_daerah` (
  `id_daerah` int NOT NULL,
  `kode` varchar(8) NOT NULL,
  `daerah` varchar(30) NOT NULL
) ENGINE=InnoDB DEFAULT CHARSET=utf8mb3;

--
-- Dumping data untuk tabel `tbl_daerah`
--

INSERT INTO `tbl_daerah` (`id_daerah`, `kode`, `daerah`) VALUES
(7, 'PB', 'Papua Barat');

-- --------------------------------------------------------

--
-- Struktur dari tabel `tbl_hotel`
--

CREATE TABLE `tbl_hotel` (
  `id_hotel` int NOT NULL,
  `kd_daerah` varchar(6) NOT NULL,
  `hotel` varchar(100) NOT NULL,
  `bintang` tinyint(1) NOT NULL,
  `harga` int NOT NULL,
  `ket_hotel` text NOT NULL
) ENGINE=InnoDB DEFAULT CHARSET=utf8mb3;

--
-- Dumping data untuk tabel `tbl_hotel`
--

INSERT INTO `tbl_hotel` (`id_hotel`, `kd_daerah`, `hotel`, `bintang`, `harga`, `ket_hotel`) VALUES
(1, 'NGW01', 'Campago Resort Hotel (Superior Domestik) 1H', 3, 420000, '<p style=\"text-align: justify;\">Dirancang untuk wisata plesir dan bisnis, Campago Resort Hotel terletak strategis di Ngawi; salah satu daerah lokal terkenal. Hotel ini tidak terlalu jauh dari pusat kota, hanya dari sini dan umumnya hanya membutuhkan waktu 90 menit untuk mencapai bandara. Dengan lokasinya yang strategis, hotel ini menawarkan akses mudah ke destinasi yang wajib dilihat di kota ini.</p>\r\n<p style=\"text-align: justify;\">Fasilitas dan pelayanan yang ditawarkan Campago Resort Hotel menjaminkan penginapan menyenangkan bagi para tamu. Ketika menginap di properti yang luar biasa ini, para tamu dapat menikmati wi-fi di tempat-tempat umum, ruang merokok , concierge, layanan laundry, tur.</p>\r\n<p style=\"text-align: justify;\">Campago Resort Hotel memiliki 22 kamar tidur yang semuanya dirancang dengan citarasa tinggi untuk menyediakan kenyamanan seperti televisi, meja tulis, internet (wireless), AC, kulkas. Hotel ini menyediakan sejumlah fasilitas rekreasi seperti kolam (anak), taman, lapangan tenis, klub anak. Fasilitas super dan lokasi yang cemerlang menjadikan Campago Resort Hotel tempat yang sempurna untuk menikmati penginapan Anda selama di Ngawi.</p>\r\n<h3>Kebijakan Hotel</h3>\r\n<ul>\r\n<li>Minimum umur tamu adalah: 1 tahun</li>\r\n<li>Tamu berumur diatas 7 tahun dianggap sebagai tamu dewasa</li>\r\n<li>Ekstra bed tergantung pada kamar yang Anda pilih, silahkan cek kebijakan setiap kamar untuk detil lebih lanjut</li>\r\n</ul>\r\n<table style=\"margin-left: auto; margin-right: auto;\">\r\n<tbody>\r\n<tr>\r\n<td>Bayi dibawah 1 tahun</td>\r\n<td>Tidak diizinkan untuk menginap</td>\r\n</tr>\r\n<tr>\r\n<td>Bayi 1 tahun</td>\r\n<td>Menginap gratis dengan menggunakan tempat tidur yang tersedia. Catatan, biaya tambahan kemungkinan dikenakan jika Anda membutuhkan ranjang bayi</td>\r\n</tr>\r\n<tr>\r\n<td>Anak-anak 2-7 tahun</td>\r\n<td>Harus menggunakan ekstra bed</td>\r\n</tr>\r\n</tbody>\r\n</table>\r\n<h3>Fasilitas Hotel</h3>\r\n<table>\r\n<tbody>\r\n<tr>\r\n<td>Fasilitas</td>\r\n<td>coffee shop, concierge, fasilitas rapat,layanan kamar, layanan kamar 24 jam, layanan laundry, restoran, ruang keluarga, ruang merokok, wi-fi di tempat-tempat umum, Wi-Fi gratis di semua kamar</td>\r\n</tr>\r\n<tr>\r\n<td>Olahraga dan Rekreasi</td>\r\n<td>klub anak, kolam (anak), lapangan tenis, taman</td>\r\n</tr>\r\n<tr>\r\n<td>Internet dalam Kamar</td>\r\n<td>Akses WiFi gratis</td>\r\n</tr>\r\n<tr>\r\n<td>Parkir</td>\r\n<td>tempat parkir mobil</td>\r\n</tr>\r\n</tbody>\r\n</table>'),
(2, 'NGW01', 'Campago Resort Hotel (Superior) 1H', 3, 460000, '<p style=\"text-align: justify;\">Dirancang untuk wisata plesir dan bisnis, Campago Resort Hotel terletak strategis di Ngawi; salah satu daerah lokal terkenal. Hotel ini tidak terlalu jauh dari pusat kota, hanya dari sini dan umumnya hanya membutuhkan waktu 90 menit untuk mencapai bandara. Dengan lokasinya yang strategis, hotel ini menawarkan akses mudah ke destinasi yang wajib dilihat di kota ini.</p>\r\n<p style=\"text-align: justify;\">Fasilitas dan pelayanan yang ditawarkan Campago Resort Hotel menjaminkan penginapan menyenangkan bagi para tamu. Ketika menginap di properti yang luar biasa ini, para tamu dapat menikmati wi-fi di tempat-tempat umum, ruang merokok , concierge, layanan laundry, tur.</p>\r\n<p style=\"text-align: justify;\">Campago Resort Hotel memiliki 22 kamar tidur yang semuanya dirancang dengan citarasa tinggi untuk menyediakan kenyamanan seperti televisi, meja tulis, internet (wireless), AC, kulkas. Hotel ini menyediakan sejumlah fasilitas rekreasi seperti kolam (anak), taman, lapangan tenis, klub anak. Fasilitas super dan lokasi yang cemerlang menjadikan Campago Resort Hotel tempat yang sempurna untuk menikmati penginapan Anda selama di Ngawi.</p>\r\n<h3>Kebijakan Hotel</h3>\r\n<ul>\r\n<li>Minimum umur tamu adalah: 1 tahun</li>\r\n<li>Tamu berumur diatas 7 tahun dianggap sebagai tamu dewasa</li>\r\n<li>Ekstra bed tergantung pada kamar yang Anda pilih, silahkan cek kebijakan setiap kamar untuk detil lebih lanjut</li>\r\n</ul>\r\n<table style=\"margin-left: auto; margin-right: auto;\">\r\n<tbody>\r\n<tr>\r\n<td>Bayi dibawah 1 tahun</td>\r\n<td>Tidak diizinkan untuk menginap</td>\r\n</tr>\r\n<tr>\r\n<td>Bayi 1 tahun</td>\r\n<td>Menginap gratis dengan menggunakan tempat tidur yang tersedia. Catatan, biaya tambahan kemungkinan dikenakan jika Anda membutuhkan ranjang bayi</td>\r\n</tr>\r\n<tr>\r\n<td>Anak-anak 2-7 tahun</td>\r\n<td>Harus menggunakan ekstra bed</td>\r\n</tr>\r\n</tbody>\r\n</table>\r\n<h3>Fasilitas Hotel</h3>\r\n<table>\r\n<tbody>\r\n<tr>\r\n<td>Fasilitas</td>\r\n<td>coffee shop, concierge, fasilitas rapat,layanan kamar, layanan kamar 24 jam, layanan laundry, restoran, ruang keluarga, ruang merokok, wi-fi di tempat-tempat umum, Wi-Fi gratis di semua kamar</td>\r\n</tr>\r\n<tr>\r\n<td>Olahraga dan Rekreasi</td>\r\n<td>klub anak, kolam (anak), lapangan tenis, taman</td>\r\n</tr>\r\n<tr>\r\n<td>Internet dalam Kamar</td>\r\n<td>Akses WiFi gratis</td>\r\n</tr>\r\n<tr>\r\n<td>Parkir</td>\r\n<td>tempat parkir mobil</td>\r\n</tr>\r\n</tbody>\r\n</table>'),
(3, 'NGW01', 'Campago Resort Hotel (Suite Keluarga Domestik) 1H', 3, 895000, '<p style=\"text-align: justify;\">Dirancang untuk wisata plesir dan bisnis, Campago Resort Hotel terletak strategis di Ngawi; salah satu daerah lokal terkenal. Hotel ini tidak terlalu jauh dari pusat kota, hanya dari sini dan umumnya hanya membutuhkan waktu 90 menit untuk mencapai bandara. Dengan lokasinya yang strategis, hotel ini menawarkan akses mudah ke destinasi yang wajib dilihat di kota ini.</p>\r\n<p style=\"text-align: justify;\">Fasilitas dan pelayanan yang ditawarkan Campago Resort Hotel menjaminkan penginapan menyenangkan bagi para tamu. Ketika menginap di properti yang luar biasa ini, para tamu dapat menikmati wi-fi di tempat-tempat umum, ruang merokok , concierge, layanan laundry, tur.</p>\r\n<p style=\"text-align: justify;\">Campago Resort Hotel memiliki 22 kamar tidur yang semuanya dirancang dengan citarasa tinggi untuk menyediakan kenyamanan seperti televisi, meja tulis, internet (wireless), AC, kulkas. Hotel ini menyediakan sejumlah fasilitas rekreasi seperti kolam (anak), taman, lapangan tenis, klub anak. Fasilitas super dan lokasi yang cemerlang menjadikan Campago Resort Hotel tempat yang sempurna untuk menikmati penginapan Anda selama di Ngawi.</p>\r\n<h3>Kebijakan Hotel</h3>\r\n<ul>\r\n<li>Minimum umur tamu adalah: 1 tahun</li>\r\n<li>Tamu berumur diatas 7 tahun dianggap sebagai tamu dewasa</li>\r\n<li>Ekstra bed tergantung pada kamar yang Anda pilih, silahkan cek kebijakan setiap kamar untuk detil lebih lanjut</li>\r\n</ul>\r\n<table style=\"margin-left: auto; margin-right: auto;\">\r\n<tbody>\r\n<tr>\r\n<td>Bayi dibawah 1 tahun</td>\r\n<td>Tidak diizinkan untuk menginap</td>\r\n</tr>\r\n<tr>\r\n<td>Bayi 1 tahun</td>\r\n<td>Menginap gratis dengan menggunakan tempat tidur yang tersedia. Catatan, biaya tambahan kemungkinan dikenakan jika Anda membutuhkan ranjang bayi</td>\r\n</tr>\r\n<tr>\r\n<td>Anak-anak 2-7 tahun</td>\r\n<td>Harus menggunakan ekstra bed</td>\r\n</tr>\r\n</tbody>\r\n</table>\r\n<h3>Fasilitas Hotel</h3>\r\n<table>\r\n<tbody>\r\n<tr>\r\n<td>Fasilitas</td>\r\n<td>coffee shop, concierge, fasilitas rapat,layanan kamar, layanan kamar 24 jam, layanan laundry, restoran, ruang keluarga, ruang merokok, wi-fi di tempat-tempat umum, Wi-Fi gratis di semua kamar</td>\r\n</tr>\r\n<tr>\r\n<td>Olahraga dan Rekreasi</td>\r\n<td>klub anak, kolam (anak), lapangan tenis, taman</td>\r\n</tr>\r\n<tr>\r\n<td>Internet dalam Kamar</td>\r\n<td>Akses WiFi gratis</td>\r\n</tr>\r\n<tr>\r\n<td>Parkir</td>\r\n<td>tempat parkir mobil</td>\r\n</tr>\r\n</tbody>\r\n</table>'),
(4, 'NGW01', 'Campago Resort Hotel (Suite Keluarga) 1H', 3, 975000, '<p style=\"text-align: justify;\">Dirancang untuk wisata plesir dan bisnis, Campago Resort Hotel terletak strategis di Ngawi; salah satu daerah lokal terkenal. Hotel ini tidak terlalu jauh dari pusat kota, hanya dari sini dan umumnya hanya membutuhkan waktu 90 menit untuk mencapai bandara. Dengan lokasinya yang strategis, hotel ini menawarkan akses mudah ke destinasi yang wajib dilihat di kota ini.</p>\r\n<p style=\"text-align: justify;\">Fasilitas dan pelayanan yang ditawarkan Campago Resort Hotel menjaminkan penginapan menyenangkan bagi para tamu. Ketika menginap di properti yang luar biasa ini, para tamu dapat menikmati wi-fi di tempat-tempat umum, ruang merokok , concierge, layanan laundry, tur.</p>\r\n<p style=\"text-align: justify;\">Campago Resort Hotel memiliki 22 kamar tidur yang semuanya dirancang dengan citarasa tinggi untuk menyediakan kenyamanan seperti televisi, meja tulis, internet (wireless), AC, kulkas. Hotel ini menyediakan sejumlah fasilitas rekreasi seperti kolam (anak), taman, lapangan tenis, klub anak. Fasilitas super dan lokasi yang cemerlang menjadikan Campago Resort Hotel tempat yang sempurna untuk menikmati penginapan Anda selama di Ngawi.</p>\r\n<h3>Kebijakan Hotel</h3>\r\n<ul>\r\n<li>Minimum umur tamu adalah: 1 tahun</li>\r\n<li>Tamu berumur diatas 7 tahun dianggap sebagai tamu dewasa</li>\r\n<li>Ekstra bed tergantung pada kamar yang Anda pilih, silahkan cek kebijakan setiap kamar untuk detil lebih lanjut</li>\r\n</ul>\r\n<table style=\"margin-left: auto; margin-right: auto;\">\r\n<tbody>\r\n<tr>\r\n<td>Bayi dibawah 1 tahun</td>\r\n<td>Tidak diizinkan untuk menginap</td>\r\n</tr>\r\n<tr>\r\n<td>Bayi 1 tahun</td>\r\n<td>Menginap gratis dengan menggunakan tempat tidur yang tersedia. Catatan, biaya tambahan kemungkinan dikenakan jika Anda membutuhkan ranjang bayi</td>\r\n</tr>\r\n<tr>\r\n<td>Anak-anak 2-7 tahun</td>\r\n<td>Harus menggunakan ekstra bed</td>\r\n</tr>\r\n</tbody>\r\n</table>\r\n<h3>Fasilitas Hotel</h3>\r\n<table>\r\n<tbody>\r\n<tr>\r\n<td>Fasilitas</td>\r\n<td>coffee shop, concierge, fasilitas rapat,layanan kamar, layanan kamar 24 jam, layanan laundry, restoran, ruang keluarga, ruang merokok, wi-fi di tempat-tempat umum, Wi-Fi gratis di semua kamar</td>\r\n</tr>\r\n<tr>\r\n<td>Olahraga dan Rekreasi</td>\r\n<td>klub anak, kolam (anak), lapangan tenis, taman</td>\r\n</tr>\r\n<tr>\r\n<td>Internet dalam Kamar</td>\r\n<td>Akses WiFi gratis</td>\r\n</tr>\r\n<tr>\r\n<td>Parkir</td>\r\n<td>tempat parkir mobil</td>\r\n</tr>\r\n</tbody>\r\n</table>'),
(5, 'NGW01', 'Hotel Benteng (Superior) 1H', 1, 290000, '<p style=\"text-align: justify;\">Jika apa yang Anda cari adalah hotel yang terletak strategis di Bukittinggi, carilah Hotel Benteng. Hanya 30. Km dari sini, hotel bintang 1 ini dapat secara mudah diakses dari bandara. Dengan lokasinya yang strategis, hotel ini menawarkan akses mudah ke destinasi yang wajib dilihat di kota ini.</p>\r\n<p style=\"text-align: justify;\">Hotel Benteng juga menawari banyak fasilitas untuk memperkaya penginapan Anda di Ngawi. Ketika menginap di properti yang luar biasa ini, para tamu dapat menikmati tur, wi-fi di tempat-tempat umum, layanan antar jemput, kotak penyimpanan aman, transfer bandara/hotel.</p>\r\n<p style=\"text-align: justify;\">Para tamu dapat memilih dari 37 kamar yang semuanya dilengkapi dengan atmosfir damai dan harmonis. Lagipula, beberapa persembahan rekreasi dari hotel ini akan menjamin Anda jauh dari kebosanan selama penginapan Anda. Apapun rencana kunjungan Anda, Hotel Benteng adalah pilihan bagus untuk penginapan di Ngawi.</p>\r\n<h3>Kebijakan Hotel</h3>\r\n<ul>\r\n<li>Tamu berumur diatas 10 tahun dianggap sebagai tamu dewasa.</li>\r\n<li>Ekstra bed tergantung pada kamar yang Anda pilih, silahkan cek kebijakan setiap kamar untuk detil lebih lanjut.</li>\r\n</ul>\r\n<table style=\"margin-left: auto; margin-right: auto;\">\r\n<tbody>\r\n<tr>\r\n<td>Bayi 0-1 tahun</td>\r\n<td>Menginap gratis dengan menggunakan tempat tidur yang tersedia. Catatan, biaya tambahan kemungkinan dikenakan jika Anda membutuhkan ranjang bayi</td>\r\n</tr>\r\n<tr>\r\n<td>Anak-anak 2-10 tahun</td>\r\n<td>Harus menggunakan ekstra bed</td>\r\n</tr>\r\n</tbody>\r\n</table>\r\n<h3>Fasilitas Hotel</h3>\r\n<table>\r\n<tbody>\r\n<tr>\r\n<td>Fasilitas</td>\r\n<td>bar, fasilitas rapat, kotak penyimpanan aman, layanan antar jemput, layanan kamar, layanan kamar 24 jam, layanan laundry, restoran, sewa sepeda, transfer bandara/hotel, wi-fi di tempat-tempat umum, Wi-Fi gratis di semua kamar</td>\r\n</tr>\r\n<tr>\r\n<td>Internet dalam Kamar</td>\r\n<td>Akses WiFi gratis</td>\r\n</tr>\r\n<tr>\r\n<td>Parkir</td>\r\n<td>tempat parkir mobil</td>\r\n</tr>\r\n</tbody>\r\n</table>'),
(6, 'NGW01', 'Hotel Mitra Arena (Standar) 1H', 1, 185000, '<p style=\"text-align: justify;\">Ketika mengunjungi Ngawi, Anda akan merasa berada di rumah di Hotel Mitra Arena, dimana menawarkan akomodasi yang berkualitas dengan layanan luar biasa. Dari sini, para tamu dapat menikmati akses mudah ke semua hal yang dapat ditemukan di sebuah kota yang hidup. Dengan lokasinya yang strategis, hotel ini menawarkan akses mudah ke destinasi yang wajib dilihat di kota ini.</p>\r\n<p style=\"text-align: justify;\">Di Hotel Mitra Arena, setiap usaha dilakukan untuk membuat tamu merasa nyaman. Dan untuk hal ini, hotel menyediakan yang terbaik untuk pelayanan dan perlengkapannya. Hotel ini menawarkan sejumlah fasilitas di tempat untuk memuaskan segala jenis tamu.</p>\r\n<p style=\"text-align: justify;\">Sebagai tambahan, semua kamar tamu memiliki sejumlah kenyamanan seperti AC, kulkas, shower, televisi, ruangan bebas rokok untuk menyenangi semakin banyak tamu. Baik Anda adalah orang yang senang fitness atau hanya ingin bersantai setelah beraktivitas sepanjang hari, Anda akan dihibur dengan fasilitas rekreasi kelas atas seperti taman. Ketika Anda mencari penginapan yang nyaman di Ngawi, jadikanlah Hotel Mitra Arena rumah Anda ketika Anda berlibur.</p>\r\n<h3>Kebijakan Hotel</h3>\r\n<ul>\r\n<li>Tamu berumur diatas 12 tahun dianggap sebagai tamu dewasa.</li>\r\n<li>Ekstra bed tergantung pada kamar yang Anda pilih, silahkan cek kebijakan setiap kamar untuk detil lebih lanjut.</li>\r\n</ul>\r\n<table style=\"margin-left: auto; margin-right: auto;\">\r\n<tbody>\r\n<tr>\r\n<td>Bayi 0-2 tahun</td>\r\n<td>Menginap gratis dengan menggunakan tempat tidur yang tersedia. Catatan, biaya tambahan kemungkinan dikenakan jika Anda membutuhkan ranjang bayi</td>\r\n</tr>\r\n<tr>\r\n<td>Anak-anak 3-12 tahun</td>\r\n<td>Menginap gratis jika menggunakan ranjang yang tersedia.</td>\r\n</tr>\r\n</tbody>\r\n</table>\r\n<h3>Fasilitas Hotel</h3>\r\n<table>\r\n<tbody>\r\n<tr>\r\n<td>Fasilitas</td>\r\n<td>restoran, ruang merokok</td>\r\n</tr>\r\n<tr>\r\n<td>Olahraga dan Rekreasi</td>\r\n<td>taman</td>\r\n</tr>\r\n<tr>\r\n<td>Parkir</td>\r\n<td>tempat parkir mobil</td>\r\n</tr>\r\n</tbody>\r\n</table>'),
(7, 'NGW01', 'Hotel Mitra Arena (Superior) 1H', 1, 230000, '<p style=\"text-align: justify;\">Ketika mengunjungi Ngawi, Anda akan merasa berada di rumah di Hotel Mitra Arena, dimana menawarkan akomodasi yang berkualitas dengan layanan luar biasa. Dari sini, para tamu dapat menikmati akses mudah ke semua hal yang dapat ditemukan di sebuah kota yang hidup. Dengan lokasinya yang strategis, hotel ini menawarkan akses mudah ke destinasi yang wajib dilihat di kota ini.</p>\r\n<p style=\"text-align: justify;\">Di Hotel Mitra Arena, setiap usaha dilakukan untuk membuat tamu merasa nyaman. Dan untuk hal ini, hotel menyediakan yang terbaik untuk pelayanan dan perlengkapannya. Hotel ini menawarkan sejumlah fasilitas di tempat untuk memuaskan segala jenis tamu.</p>\r\n<p style=\"text-align: justify;\">Sebagai tambahan, semua kamar tamu memiliki sejumlah kenyamanan seperti AC, kulkas, shower, televisi, ruangan bebas rokok untuk menyenangi semakin banyak tamu. Baik Anda adalah orang yang senang fitness atau hanya ingin bersantai setelah beraktivitas sepanjang hari, Anda akan dihibur dengan fasilitas rekreasi kelas atas seperti taman. Ketika Anda mencari penginapan yang nyaman di Ngawi, jadikanlah Hotel Mitra Arena rumah Anda ketika Anda berlibur.</p>\r\n<h3>Kebijakan Hotel</h3>\r\n<ul>\r\n<li>Tamu berumur diatas 12 tahun dianggap sebagai tamu dewasa.</li>\r\n<li>Ekstra bed tergantung pada kamar yang Anda pilih, silahkan cek kebijakan setiap kamar untuk detil lebih lanjut.</li>\r\n</ul>\r\n<table style=\"margin-left: auto; margin-right: auto;\">\r\n<tbody>\r\n<tr>\r\n<td>Bayi 0-2 tahun</td>\r\n<td>Menginap gratis dengan menggunakan tempat tidur yang tersedia. Catatan, biaya tambahan kemungkinan dikenakan jika Anda membutuhkan ranjang bayi</td>\r\n</tr>\r\n<tr>\r\n<td>Anak-anak 3-12 tahun</td>\r\n<td>Menginap gratis jika menggunakan ranjang yang tersedia.</td>\r\n</tr>\r\n</tbody>\r\n</table>\r\n<h3>Fasilitas Hotel</h3>\r\n<table>\r\n<tbody>\r\n<tr>\r\n<td>Fasilitas</td>\r\n<td>restoran, ruang merokok</td>\r\n</tr>\r\n<tr>\r\n<td>Olahraga dan Rekreasi</td>\r\n<td>taman</td>\r\n</tr>\r\n<tr>\r\n<td>Parkir</td>\r\n<td>tempat parkir mobil</td>\r\n</tr>\r\n</tbody>\r\n</table>'),
(8, 'NGW01', 'Royal Denai View Hotel (Superior) 1H', 2, 365000, '<p style=\"text-align: justify;\">Menawarkan akomodasi berkualitas di kebudayaan, berbelanja, melihat-lihat distrik Ngawi, Royal Denai View Hotel adalah pilihan populer bagi para wisatawan plesir dan bisnis. Dari sini, para tamu dapat menikmati akses mudah ke semua hal yang dapat ditemukan di sebuah kota yang hidup. Dengan lokasinya yang strategis, hotel ini menawarkan akses mudah ke destinasi yang wajib dilihat di kota ini.</p>\r\n<p style=\"text-align: justify;\">Dengan menawarkan pelayanan superior dan sejumlah fasilitas kepada para tamu hotel, Royal Denai View Hotel berkomitmen untuk menjaga kenyamanan penginapan Anda semaksimal mungkin. Kotak penyimpanan aman, tempat parkir mobil, wi-fi di tempat-tempat umum, layanan laundry, pusat bisnis hanyalah beberapa fasilitas yang membedakan Royal Denai View Hotel dari hotel-hotel lain di kota ini.</p>\r\n<p style=\"text-align: justify;\">Suasana Royal Denai View Hotel tercerminkan dari setiap kamar tamu. televisi, mini bar, televisi LCD/layar plasma, AC, ruangan bebas rokok hanyalah beberapa fasilitas yang dapat Anda gunakan. Sepanjang hari Anda dapat menikmati atmosfir santai dari taman. Nikmati pelayanan cemerlang dan alamat yang benar-benar mewah di Royal Denai View Hotel.</p>\r\n<h3>Kebijakan Hotel</h3>\r\n<ul>\r\n<li>Tamu berumur diatas 10 tahun dianggap sebagai tamu dewasa.</li>\r\n<li>Ekstra bed tergantung pada kamar yang Anda pilih, silahkan cek kebijakan setiap kamar untuk detil lebih lanjut.</li>\r\n<li>Untuk para pasangan, mohon dicatat bahwa sangatlah wajib untuk menunjukkan surat nikah (buku nikah) pada saat check-in.</li>\r\n</ul>\r\n<table style=\"margin-left: auto; margin-right: auto;\">\r\n<tbody>\r\n<tr>\r\n<td>Bayi 0-1 tahun</td>\r\n<td>Menginap gratis dengan menggunakan tempat tidur yang tersedia. Catatan, biaya tambahan kemungkinan dikenakan jika Anda membutuhkan ranjang bayi</td>\r\n</tr>\r\n<tr>\r\n<td>Anak-anak 3-10 tahun</td>\r\n<td>Menginap gratis jika menggunakan ranjang yang tersedia.</td>\r\n</tr>\r\n</tbody>\r\n</table>\r\n<h3>Fasilitas Hotel</h3>\r\n<table>\r\n<tbody>\r\n<tr>\r\n<td>Fasilitas</td>\r\n<td>coffee shop, fasilitas rapat, kotak penyimpanan aman, layanan kamar, layanan kamar 24 jam, layanan laundry, pusat bisnis, restoran, wi-fi di tempat-tempat umum, Wi-Fi gratis di semua kamar</td>\r\n</tr>\r\n<tr>\r\n<td>Olahraga dan Rekreasi</td>\r\n<td>taman</td>\r\n</tr>\r\n<tr>\r\n<td>Internet dalam Kamar</td>\r\n<td>Akses WiFi gratis</td>\r\n</tr>\r\n<tr>\r\n<td>Parkir</td>\r\n<td>tempat parkir mobil</td>\r\n</tr>\r\n</tbody>\r\n</table>'),
(9, 'NGW01', 'Royal Denai View Hotel (Delux) 1H', 2, 520000, '<p style=\"text-align: justify;\">Menawarkan akomodasi berkualitas di kebudayaan, berbelanja, melihat-lihat distrik Ngawi, Royal Denai View Hotel adalah pilihan populer bagi para wisatawan plesir dan bisnis. Dari sini, para tamu dapat menikmati akses mudah ke semua hal yang dapat ditemukan di sebuah kota yang hidup. Dengan lokasinya yang strategis, hotel ini menawarkan akses mudah ke destinasi yang wajib dilihat di kota ini.</p>\r\n<p style=\"text-align: justify;\">Dengan menawarkan pelayanan superior dan sejumlah fasilitas kepada para tamu hotel, Royal Denai View Hotel berkomitmen untuk menjaga kenyamanan penginapan Anda semaksimal mungkin. Kotak penyimpanan aman, tempat parkir mobil, wi-fi di tempat-tempat umum, layanan laundry, pusat bisnis hanyalah beberapa fasilitas yang membedakan Royal Denai View Hotel dari hotel-hotel lain di kota ini.</p>\r\n<p style=\"text-align: justify;\">Suasana Royal Denai View Hotel tercerminkan dari setiap kamar tamu. televisi, mini bar, televisi LCD/layar plasma, AC, ruangan bebas rokok hanyalah beberapa fasilitas yang dapat Anda gunakan. Sepanjang hari Anda dapat menikmati atmosfir santai dari taman. Nikmati pelayanan cemerlang dan alamat yang benar-benar mewah di Royal Denai View Hotel.</p>\r\n<h3>Kebijakan Hotel</h3>\r\n<ul>\r\n<li>Tamu berumur diatas 10 tahun dianggap sebagai tamu dewasa.</li>\r\n<li>Ekstra bed tergantung pada kamar yang Anda pilih, silahkan cek kebijakan setiap kamar untuk detil lebih lanjut.</li>\r\n<li>Untuk para pasangan, mohon dicatat bahwa sangatlah wajib untuk menunjukkan surat nikah (buku nikah) pada saat check-in.</li>\r\n</ul>\r\n<table style=\"margin-left: auto; margin-right: auto;\">\r\n<tbody>\r\n<tr>\r\n<td>Bayi 0-1 tahun</td>\r\n<td>Menginap gratis dengan menggunakan tempat tidur yang tersedia. Catatan, biaya tambahan kemungkinan dikenakan jika Anda membutuhkan ranjang bayi</td>\r\n</tr>\r\n<tr>\r\n<td>Anak-anak 3-10 tahun</td>\r\n<td>Menginap gratis jika menggunakan ranjang yang tersedia.</td>\r\n</tr>\r\n</tbody>\r\n</table>\r\n<h3>Fasilitas Hotel</h3>\r\n<table>\r\n<tbody>\r\n<tr>\r\n<td>Fasilitas</td>\r\n<td>coffee shop, fasilitas rapat, kotak penyimpanan aman, layanan kamar, layanan kamar 24 jam, layanan laundry, pusat bisnis, restoran, wi-fi di tempat-tempat umum, Wi-Fi gratis di semua kamar</td>\r\n</tr>\r\n<tr>\r\n<td>Olahraga dan Rekreasi</td>\r\n<td>taman</td>\r\n</tr>\r\n<tr>\r\n<td>Internet dalam Kamar</td>\r\n<td>Akses WiFi gratis</td>\r\n</tr>\r\n<tr>\r\n<td>Parkir</td>\r\n<td>tempat parkir mobil</td>\r\n</tr>\r\n</tbody>\r\n</table>'),
(10, 'NGW01', 'Pusako Hotel (Standar) 1H', 4, 498000, '<p style=\"text-align: justify;\">Terletak secara nyaman di melihat-lihat, berbelanja, kebudayaan area kota Ngawi, Pusako Hotel menyediakan tempat yang kondusif untuk liburan Anda selama beberapa hari. Hanya 75 km dari sini, hotel bintang 4 ini dapat secara mudah diakses dari bandara. Dengan lokasinya yang strategis, hotel ini menawarkan akses mudah ke destinasi yang wajib dilihat di kota ini.</p>\r\n<p style=\"text-align: justify;\">Gunakan kesempatan untuk menikmati pelayanan dan fasilitas yang tak tertandingkan di hotel Bukittinggi ini. Ketika menginap di properti yang luar biasa ini, para tamu dapat menikmati coffee shop, toko, restoran, layanan kamar, wi-fi di tempat-tempat umum.</p>\r\n<p style=\"text-align: justify;\">Pusako Hotel memiliki 140 kamar tidur yang semuanya dirancang dengan citarasa tinggi untuk menyediakan kenyamanan seperti mini bar, kulkas, internet (wireless), pembuat kopi/teh, shower. Hotel ini menawarkan fasilitas rekreasi yang menyenangkan seperti gym/fasilitas kebugaran, kolam renang (luar ruangan), lapangan tenis untuk menjadikan penginapan Anda tak terlupakan. Dengan lokasi ideal dan fasilitas yang setara, Pusako Hotel dapat memenuhinya semua.</p>\r\n<h3>Kebijakan Hotel</h3>\r\n<ul>\r\n<li>Tamu berumur diatas 7 tahun dianggap sebagai tamu dewasa.</li>\r\n<li>Ekstra bed tergantung pada kamar yang Anda pilih, silahkan cek kebijakan setiap kamar untuk detil lebih lanjut.</li>\r\n</ul>\r\n<table style=\"margin-left: auto; margin-right: auto;\">\r\n<tbody>\r\n<tr>\r\n<td>Bayi 0-1 tahun</td>\r\n<td>Menginap gratis dengan menggunakan tempat tidur yang tersedia. Catatan, biaya tambahan kemungkinan dikenakan jika Anda membutuhkan ranjang bayi</td>\r\n</tr>\r\n<tr>\r\n<td>Anak-anak 2-7 tahun</td>\r\n<td>Menginap gratis jika menggunakan ranjang yang tersedia.</td>\r\n</tr>\r\n</tbody>\r\n</table>\r\n<h3>Fasilitas Hotel</h3>\r\n<table>\r\n<tbody>\r\n<tr>\r\n<td>Fasilitas</td>\r\n<td>bar, coffee shop, fasilitas rapat, kotak penyimpanan aman, layanan kamar, layanan kamar 24 jam, layanan laundry, pusat bisnis, toko, restoran, wi-fi di tempat-tempat umum, Wi-Fi gratis di semua kamar</td>\r\n</tr>\r\n<tr>\r\n<td>Olahraga dan Rekreasi</td>\r\n<td>gym/fasilitas kebugaran, kolam renang (luar ruangan), lapangan tenis</td>\r\n</tr>\r\n<tr>\r\n<td>Internet dalam Kamar</td>\r\n<td>Akses WiFi gratis</td>\r\n</tr>\r\n<tr>\r\n<td>Parkir</td>\r\n<td>tempat parkir mobil</td>\r\n</tr>\r\n</tbody>\r\n</table>'),
(11, 'NGW01', 'Pusako Hotel (Delux) 1H', 4, 548000, '<p style=\"text-align: justify;\">Terletak secara nyaman di melihat-lihat, berbelanja, kebudayaan area kota Ngawi, Pusako Hotel menyediakan tempat yang kondusif untuk liburan Anda selama beberapa hari. Hanya 75 km dari sini, hotel bintang 4 ini dapat secara mudah diakses dari bandara. Dengan lokasinya yang strategis, hotel ini menawarkan akses mudah ke destinasi yang wajib dilihat di kota ini.</p>\r\n<p style=\"text-align: justify;\">Gunakan kesempatan untuk menikmati pelayanan dan fasilitas yang tak tertandingkan di hotel Bukittinggi ini. Ketika menginap di properti yang luar biasa ini, para tamu dapat menikmati coffee shop, toko, restoran, layanan kamar, wi-fi di tempat-tempat umum.</p>\r\n<p style=\"text-align: justify;\">Pusako Hotel memiliki 140 kamar tidur yang semuanya dirancang dengan citarasa tinggi untuk menyediakan kenyamanan seperti mini bar, kulkas, internet (wireless), pembuat kopi/teh, shower. Hotel ini menawarkan fasilitas rekreasi yang menyenangkan seperti gym/fasilitas kebugaran, kolam renang (luar ruangan), lapangan tenis untuk menjadikan penginapan Anda tak terlupakan. Dengan lokasi ideal dan fasilitas yang setara, Pusako Hotel dapat memenuhinya semua.</p>\r\n<h3>Kebijakan Hotel</h3>\r\n<ul>\r\n<li>Tamu berumur diatas 7 tahun dianggap sebagai tamu dewasa.</li>\r\n<li>Ekstra bed tergantung pada kamar yang Anda pilih, silahkan cek kebijakan setiap kamar untuk detil lebih lanjut.</li>\r\n</ul>\r\n<table style=\"margin-left: auto; margin-right: auto;\">\r\n<tbody>\r\n<tr>\r\n<td>Bayi 0-1 tahun</td>\r\n<td>Menginap gratis dengan menggunakan tempat tidur yang tersedia. Catatan, biaya tambahan kemungkinan dikenakan jika Anda membutuhkan ranjang bayi</td>\r\n</tr>\r\n<tr>\r\n<td>Anak-anak 2-7 tahun</td>\r\n<td>Menginap gratis jika menggunakan ranjang yang tersedia.</td>\r\n</tr>\r\n</tbody>\r\n</table>\r\n<h3>Fasilitas Hotel</h3>\r\n<table>\r\n<tbody>\r\n<tr>\r\n<td>Fasilitas</td>\r\n<td>bar, coffee shop, fasilitas rapat, kotak penyimpanan aman, layanan kamar, layanan kamar 24 jam, layanan laundry, pusat bisnis, toko, restoran, wi-fi di tempat-tempat umum, Wi-Fi gratis di semua kamar</td>\r\n</tr>\r\n<tr>\r\n<td>Olahraga dan Rekreasi</td>\r\n<td>gym/fasilitas kebugaran, kolam renang (luar ruangan), lapangan tenis</td>\r\n</tr>\r\n<tr>\r\n<td>Internet dalam Kamar</td>\r\n<td>Akses WiFi gratis</td>\r\n</tr>\r\n<tr>\r\n<td>Parkir</td>\r\n<td>tempat parkir mobil</td>\r\n</tr>\r\n</tbody>\r\n</table>'),
(12, 'SUB01', 'Hotel Pagaruyung Dua (Standar Domestik) 1H', 1, 395000, '<p style=\"text-align: justify;\">Dirancang untuk wisata plesir dan bisnis, Hotel Pagaruyung Dua terletak strategis di Surabaya; salah satu daerah lokal terkenal. Dari sini, para tamu dapat menikmati akses mudah ke semua hal yang dapat ditemukan di sebuah kota yang hidup. Dengan lokasinya yang strategis, hotel ini menawarkan akses mudah ke destinasi yang wajib dilihat di kota ini.</p>\r\n<p style=\"text-align: justify;\">Hotel Pagaruyung Dua juga menawari banyak fasilitas untuk memperkaya penginapan Anda di Surabaya. Hotel ini menawarkan sejumlah fasilitas di tempat untuk memuaskan segala jenis tamu.</p>\r\n<p style=\"text-align: justify;\">Masuki salah satu dari 40 kamar yang mengundang ini dan lepaskan tekanan dan kelelahan sepanjang hari dengan sejumlah fasilitas yang tersedia seperti AC, ruang duduk. Fasilitas rekreasi hotel ini seperti gym/fasilitas kebugaran, taman dirancang untuk berelaksasi. Hotel Pagaruyung Dua adalah destinasi paling tepat Anda untuk akomodasi hotel berkualitas di Surabaya.</p>\r\n<h3>Kebijakan Hotel</h3>\r\n<ul>\r\n<li>Ekstra bed tergantung pada kamar yang Anda pilih, silahkan cek kebijakan setiap kamar untuk detil lebih lanjut.</li>\r\n</ul>\r\n<table style=\"margin-left: auto; margin-right: auto;\">\r\n<tbody>\r\n<tr>\r\n<td>Anak-anak 0-12 tahun</td>\r\n<td>Menginap gratis jika menggunakan ranjang yang tersedia.</td>\r\n</tr>\r\n</tbody>\r\n</table>\r\n<h3>Fasilitas Hotel</h3>\r\n<table>\r\n<tbody>\r\n<tr>\r\n<td>Fasilitas</td>\r\n<td>fasilitas rapat, layanan laundry, restoran, wi-fi di tempat-tempat umum</td>\r\n</tr>\r\n<tr>\r\n<td>Olahraga dan Rekreasi</td>\r\n<td>gym/fasilitas kebugaran, taman</td>\r\n</tr>\r\n<tr>\r\n<td>Parkir</td>\r\n<td>tempat parkir mobil</td>\r\n</tr>\r\n</tbody>\r\n</table>'),
(13, 'SUB01', 'Hotel Pagaruyung Dua (Standar) 1H', 1, 415000, '<p style=\"text-align: justify;\">Dirancang untuk wisata plesir dan bisnis, Hotel Pagaruyung Dua terletak strategis di Surabaya; salah satu daerah lokal terkenal. Dari sini, para tamu dapat menikmati akses mudah ke semua hal yang dapat ditemukan di sebuah kota yang hidup. Dengan lokasinya yang strategis, hotel ini menawarkan akses mudah ke destinasi yang wajib dilihat di kota ini.</p>\r\n<p style=\"text-align: justify;\">Hotel Pagaruyung Dua juga menawari banyak fasilitas untuk memperkaya penginapan Anda di Surabaya. Hotel ini menawarkan sejumlah fasilitas di tempat untuk memuaskan segala jenis tamu.</p>\r\n<p style=\"text-align: justify;\">Masuki salah satu dari 40 kamar yang mengundang ini dan lepaskan tekanan dan kelelahan sepanjang hari dengan sejumlah fasilitas yang tersedia seperti AC, ruang duduk. Fasilitas rekreasi hotel ini seperti gym/fasilitas kebugaran, taman dirancang untuk berelaksasi. Hotel Pagaruyung Dua adalah destinasi paling tepat Anda untuk akomodasi hotel berkualitas di Surabaya.</p>\r\n<h3>Kebijakan Hotel</h3>\r\n<ul>\r\n<li>Ekstra bed tergantung pada kamar yang Anda pilih, silahkan cek kebijakan setiap kamar untuk detil lebih lanjut.</li>\r\n</ul>\r\n<table style=\"margin-left: auto; margin-right: auto;\">\r\n<tbody>\r\n<tr>\r\n<td>Anak-anak 0-12 tahun</td>\r\n<td>Menginap gratis jika menggunakan ranjang yang tersedia.</td>\r\n</tr>\r\n</tbody>\r\n</table>\r\n<h3>Fasilitas Hotel</h3>\r\n<table>\r\n<tbody>\r\n<tr>\r\n<td>Fasilitas</td>\r\n<td>fasilitas rapat, layanan laundry, restoran, wi-fi di tempat-tempat umum</td>\r\n</tr>\r\n<tr>\r\n<td>Olahraga dan Rekreasi</td>\r\n<td>gym/fasilitas kebugaran, taman</td>\r\n</tr>\r\n<tr>\r\n<td>Parkir</td>\r\n<td>tempat parkir mobil</td>\r\n</tr>\r\n</tbody>\r\n</table>'),
(14, 'MLG01', 'Mercure Padang Hotel (Superior) 1H', 4, 620000, '<p style=\"text-align: justify;\">Terletak strategis di Malang, Mercure Malang Hotel adalah tempat yang cocok untuk menelusuri kota yang hidup ini. Dari sini, para tamu dapat menikmati akses mudah ke semua hal yang dapat ditemukan di sebuah kota yang hidup. Yang tidak ketinggalan adalah akses mudah dari hotel ini ke sejumlah atraksi dan markah tanah kota ini seperti Stadion Haji Agus Salim, Museum Adityawarman, Jalan Kuliner Simpang Kinol.</p>\r\n<p style=\"text-align: justify;\">Accor Hotels terkenal untuk pelayanan berkualitas dan staf yang ramah, dan Mercure Malang Hotel memenuhi ekspektasi tersebut. Hotel ini menawarkan sejumlah fasilitas di tempat untuk memuaskan segala jenis tamu.</p>\r\n<p style=\"text-align: justify;\">Sebagai tambahan, semua kamar tamu memiliki sejumlah kenyamanan seperti AC, TV satelit/kabel, ruang duduk, meja tulis, ruangan bebas rokok untuk menyenangi semakin banyak tamu. Hotel ini menawarkan fasilitas rekreasi fantastis termasuk gym/fasilitas kebugaran, pijat, lapangan tenis, taman, lapangan golf (dalam 3 km) , untuk membantu Anda berelaksasi setelah sepanjang hari beraktivitas di kota. Mercure Malang Hotel adalah tempat penginapan ideal bagi para pelancong yang mencari daya tarik, kenyamanan dan kepraktisan di Malang.</p>\r\n<h3>Kebijakan Hotel</h3>\r\n<ul>\r\n<li>Tamu berumur diatas 15 tahun dianggap sebagai tamu dewasa.</li>\r\n<li>Ekstra bed tergantung pada kamar yang Anda pilih, silahkan cek kebijakan setiap kamar untuk detil lebih lanjut.</li>\r\n</ul>\r\n<table style=\"margin-left: auto; margin-right: auto;\">\r\n<tbody>\r\n<tr>\r\n<td>Bayi 0-1 tahun</td>\r\n<td>Menginap gratis dengan menggunakan tempat tidur yang tersedia. Catatan, biaya tambahan kemungkinan dikenakan jika Anda membutuhkan ranjang bayi.</td>\r\n</tr>\r\n<tr>\r\n<td>Anak-anak 2-15 tahun</td>\r\n<td>Menginap gratis jika menggunakan ranjang yang tersedia.</td>\r\n</tr>\r\n</tbody>\r\n</table>\r\n<h3>Fasilitas Hotel</h3>\r\n<table>\r\n<tbody>\r\n<tr>\r\n<td>Fasilitas</td>\r\n<td>bar, bar tepi-kolam, concierge,fasilitas bagi tamu dengan kebutuhan khusus, fasilitas rapat, layanan antar jemput, layanan kamar, layanan kamar 24 jam, layanan laundry, lift, penitipan bayi, restoran, ruang merokok, toko, transfer bandara/hotel, wi-fi di tempat-tempat umum</td>\r\n</tr>\r\n<tr>\r\n<td>Olahraga dan Rekreasi</td>\r\n<td>gym/fasilitas kebugaran, klub anak, kolam renang (luar ruangan), lapangan golf (dalam 3 km), lapangan tenis, pijat, sauna, spa, taman</td>\r\n</tr>\r\n<tr>\r\n<td>Internet dalam Kamar</td>\r\n<td>Akses WiFi gratis</td>\r\n</tr>\r\n<tr>\r\n<td>Parkir</td>\r\n<td>tempat parkir mobil</td>\r\n</tr>\r\n</tbody>\r\n</table>'),
(15, 'MLG01', 'Daima Hotel Padang (Superior Domestik) 1H', 3, 395000, '<p style=\"text-align: justify;\">Dirancang untuk wisata plesir dan bisnis, Daima Hotel Malang terletak strategis di Malang Barat; salah satu daerah lokal terkenal. Hanya 20.00 Km dari sini, hotel bintang 3 ini dapat secara mudah diakses dari bandara. Lingkungan yang dijaga serta kedekatan ke Museum Adityawarman, Stadion Haji Agus Salim, Jalan Kuliner Simpang Kinol sangat memberikan nilai tambah untuk hotel ini.</p>\r\n<p style=\"text-align: justify;\">Fasilitas dan pelayanan yang ditawarkan Daima Hotel Malang menjaminkan penginapan menyenangkan bagi para tamu. Sejumlah pilihan fasilitas kelas atas seperti pusat bisnis, ruang merokok , concierge, layanan laundry, ruang keluarga dapat dinikmati di hotel ini.</p>\r\n<p style=\"text-align: justify;\">Hotel ini memiliki 93 kamar tamu yang indah, masing-masing termasuk televisi LCD/layar plasma, internet (gratis), kulkas, koran harian, AC. Hotel ini menawarkan fasilitas rekreasi yang menyenangkan seperti pijat untuk menjadikan penginapan Anda tak terlupakan. Apapun rencana kunjungan Anda, Daima Hotel Malang adalah pilihan bagus untuk penginapan di Malang.</p>\r\n<h3>Kebijakan Hotel</h3>\r\n<ul>\r\n<li>Ekstra bed tergantung pada kamar yang Anda pilih, silahkan cek kebijakan setiap kamar untuk detil lebih lanjut.</li>\r\n</ul>\r\n<table style=\"margin-left: auto; margin-right: auto;\">\r\n<tbody>\r\n<tr>\r\n<td>Anak-anak 0-6 tahun</td>\r\n<td>Menginap gratis jika menggunakan ranjang yang tersedia.</td>\r\n</tr>\r\n</tbody>\r\n</table>\r\n<h3>Fasilitas Hotel</h3>\r\n<table>\r\n<tbody>\r\n<tr>\r\n<td>Fasilitas</td>\r\n<td>coffee shop, concierge, fasilitas rapat, kotak penyimpanan aman, lantai eksekutif, layanan kamar, layanan kamar 24 jam, layanan laundry, lift, pusat bisnis, restoran, ruang keluarga, ruang merokok, transfer bandara/hotel, wi-fi di tempat-tempat umum</td>\r\n</tr>\r\n<tr>\r\n<td>Olahraga dan Rekreasi</td>\r\n<td>pijat</td>\r\n</tr>\r\n<tr>\r\n<td>Internet dalam Kamar</td>\r\n<td>Akses WiFi gratis</td>\r\n</tr>\r\n<tr>\r\n<td>Parkir</td>\r\n<td>tempat parkir mobil</td>\r\n</tr>\r\n</tbody>\r\n</table>'),
(16, 'MLG01', 'Daima Hotel Padang (Superior) 1H', 3, 415000, '<p style=\"text-align: justify;\">Dirancang untuk wisata plesir dan bisnis, Daima Hotel Malang terletak strategis di Malang Barat; salah satu daerah lokal terkenal. Hanya 20.00 Km dari sini, hotel bintang 3 ini dapat secara mudah diakses dari bandara. Lingkungan yang dijaga serta kedekatan ke Museum Adityawarman, Stadion Haji Agus Salim, Jalan Kuliner Simpang Kinol sangat memberikan nilai tambah untuk hotel ini.</p>\r\n<p style=\"text-align: justify;\">Fasilitas dan pelayanan yang ditawarkan Daima Hotel Malang menjaminkan penginapan menyenangkan bagi para tamu. Sejumlah pilihan fasilitas kelas atas seperti pusat bisnis, ruang merokok , concierge, layanan laundry, ruang keluarga dapat dinikmati di hotel ini.</p>\r\n<p style=\"text-align: justify;\">Hotel ini memiliki 93 kamar tamu yang indah, masing-masing termasuk televisi LCD/layar plasma, internet (gratis), kulkas, koran harian, AC. Hotel ini menawarkan fasilitas rekreasi yang menyenangkan seperti pijat untuk menjadikan penginapan Anda tak terlupakan. Apapun rencana kunjungan Anda, Daima Hotel Malang adalah pilihan bagus untuk penginapan di Malang.</p>\r\n<h3>Kebijakan Hotel</h3>\r\n<ul>\r\n<li>Ekstra bed tergantung pada kamar yang Anda pilih, silahkan cek kebijakan setiap kamar untuk detil lebih lanjut.</li>\r\n</ul>\r\n<table style=\"margin-left: auto; margin-right: auto;\">\r\n<tbody>\r\n<tr>\r\n<td>Anak-anak 0-6 tahun</td>\r\n<td>Menginap gratis jika menggunakan ranjang yang tersedia.</td>\r\n</tr>\r\n</tbody>\r\n</table>\r\n<h3>Fasilitas Hotel</h3>\r\n<table>\r\n<tbody>\r\n<tr>\r\n<td>Fasilitas</td>\r\n<td>coffee shop, concierge, fasilitas rapat, kotak penyimpanan aman, lantai eksekutif, layanan kamar, layanan kamar 24 jam, layanan laundry, lift, pusat bisnis, restoran, ruang keluarga, ruang merokok, transfer bandara/hotel, wi-fi di tempat-tempat umum</td>\r\n</tr>\r\n<tr>\r\n<td>Olahraga dan Rekreasi</td>\r\n<td>pijat</td>\r\n</tr>\r\n<tr>\r\n<td>Internet dalam Kamar</td>\r\n<td>Akses WiFi gratis</td>\r\n</tr>\r\n<tr>\r\n<td>Parkir</td>\r\n<td>tempat parkir mobil</td>\r\n</tr>\r\n</tbody>\r\n</table>'),
(17, 'MLG01', 'Daima Hotel Padang (Delux Domestik) 1H', 3, 432000, '<p style=\"text-align: justify;\">Dirancang untuk wisata plesir dan bisnis, Daima Hotel Malang terletak strategis di Malang Barat; salah satu daerah lokal terkenal. Hanya 20.00 Km dari sini, hotel bintang 3 ini dapat secara mudah diakses dari bandara. Lingkungan yang dijaga serta kedekatan ke Museum Adityawarman, Stadion Haji Agus Salim, Jalan Kuliner Simpang Kinol sangat memberikan nilai tambah untuk hotel ini.</p>\r\n<p style=\"text-align: justify;\">Fasilitas dan pelayanan yang ditawarkan Daima Hotel Malang menjaminkan penginapan menyenangkan bagi para tamu. Sejumlah pilihan fasilitas kelas atas seperti pusat bisnis, ruang merokok , concierge, layanan laundry, ruang keluarga dapat dinikmati di hotel ini.</p>\r\n<p style=\"text-align: justify;\">Hotel ini memiliki 93 kamar tamu yang indah, masing-masing termasuk televisi LCD/layar plasma, internet (gratis), kulkas, koran harian, AC. Hotel ini menawarkan fasilitas rekreasi yang menyenangkan seperti pijat untuk menjadikan penginapan Anda tak terlupakan. Apapun rencana kunjungan Anda, Daima Hotel Malang adalah pilihan bagus untuk penginapan di Malang.</p>\r\n<h3>Kebijakan Hotel</h3>\r\n<ul>\r\n<li>Ekstra bed tergantung pada kamar yang Anda pilih, silahkan cek kebijakan setiap kamar untuk detil lebih lanjut.</li>\r\n</ul>\r\n<table style=\"margin-left: auto; margin-right: auto;\">\r\n<tbody>\r\n<tr>\r\n<td>Anak-anak 0-6 tahun</td>\r\n<td>Menginap gratis jika menggunakan ranjang yang tersedia.</td>\r\n</tr>\r\n</tbody>\r\n</table>\r\n<h3>Fasilitas Hotel</h3>\r\n<table>\r\n<tbody>\r\n<tr>\r\n<td>Fasilitas</td>\r\n<td>coffee shop, concierge, fasilitas rapat, kotak penyimpanan aman, lantai eksekutif, layanan kamar, layanan kamar 24 jam, layanan laundry, lift, pusat bisnis, restoran, ruang keluarga, ruang merokok, transfer bandara/hotel, wi-fi di tempat-tempat umum</td>\r\n</tr>\r\n<tr>\r\n<td>Olahraga dan Rekreasi</td>\r\n<td>pijat</td>\r\n</tr>\r\n<tr>\r\n<td>Internet dalam Kamar</td>\r\n<td>Akses WiFi gratis</td>\r\n</tr>\r\n<tr>\r\n<td>Parkir</td>\r\n<td>tempat parkir mobil</td>\r\n</tr>\r\n</tbody>\r\n</table>'),
(18, 'MLG01', 'Daima Hotel Padang (Delux) 1H', 3, 455000, '<p style=\"text-align: justify;\">Dirancang untuk wisata plesir dan bisnis, Daima Hotel Malang terletak strategis di Malang Barat; salah satu daerah lokal terkenal. Hanya 20.00 Km dari sini, hotel bintang 3 ini dapat secara mudah diakses dari bandara. Lingkungan yang dijaga serta kedekatan ke Museum Adityawarman, Stadion Haji Agus Salim, Jalan Kuliner Simpang Kinol sangat memberikan nilai tambah untuk hotel ini.</p>\r\n<p style=\"text-align: justify;\">Fasilitas dan pelayanan yang ditawarkan Daima Hotel Malang menjaminkan penginapan menyenangkan bagi para tamu. Sejumlah pilihan fasilitas kelas atas seperti pusat bisnis, ruang merokok , concierge, layanan laundry, ruang keluarga dapat dinikmati di hotel ini.</p>\r\n<p style=\"text-align: justify;\">Hotel ini memiliki 93 kamar tamu yang indah, masing-masing termasuk televisi LCD/layar plasma, internet (gratis), kulkas, koran harian, AC. Hotel ini menawarkan fasilitas rekreasi yang menyenangkan seperti pijat untuk menjadikan penginapan Anda tak terlupakan. Apapun rencana kunjungan Anda, Daima Hotel Malang adalah pilihan bagus untuk penginapan di Malang.</p>\r\n<h3>Kebijakan Hotel</h3>\r\n<ul>\r\n<li>Ekstra bed tergantung pada kamar yang Anda pilih, silahkan cek kebijakan setiap kamar untuk detil lebih lanjut.</li>\r\n</ul>\r\n<table style=\"margin-left: auto; margin-right: auto;\">\r\n<tbody>\r\n<tr>\r\n<td>Anak-anak 0-6 tahun</td>\r\n<td>Menginap gratis jika menggunakan ranjang yang tersedia.</td>\r\n</tr>\r\n</tbody>\r\n</table>\r\n<h3>Fasilitas Hotel</h3>\r\n<table>\r\n<tbody>\r\n<tr>\r\n<td>Fasilitas</td>\r\n<td>coffee shop, concierge, fasilitas rapat, kotak penyimpanan aman, lantai eksekutif, layanan kamar, layanan kamar 24 jam, layanan laundry, lift, pusat bisnis, restoran, ruang keluarga, ruang merokok, transfer bandara/hotel, wi-fi di tempat-tempat umum</td>\r\n</tr>\r\n<tr>\r\n<td>Olahraga dan Rekreasi</td>\r\n<td>pijat</td>\r\n</tr>\r\n<tr>\r\n<td>Internet dalam Kamar</td>\r\n<td>Akses WiFi gratis</td>\r\n</tr>\r\n<tr>\r\n<td>Parkir</td>\r\n<td>tempat parkir mobil</td>\r\n</tr>\r\n</tbody>\r\n</table>'),
(19, 'MLG01', 'Grand Zuri Padang Hotel (Superior) 1H', 4, 476000, '<p style=\"text-align: justify;\">Terletak strategis di Malang, Grand Zuri Malang Hotel adalah tempat yang cocok untuk menelusuri kota yang hidup ini. Dari sini, para tamu dapat menikmati akses mudah ke semua hal yang dapat ditemukan di sebuah kota yang hidup. Lingkungan yang dijaga serta kedekatan ke Jalan Kuliner Simpang Kinol, Museum Adityawarman, Jembatan Siti Nurbaya sangat memberikan nilai tambah untuk hotel ini.</p>\r\n<p style=\"text-align: justify;\">Di Grand Zuri Malang Hotel, pelayanan cemerlang dan fasilitas yang bagus akan membuat penginapan Anda tak terlupakan. Untuk kenyamanan para tamu, hotel ini menawarkan transfer bandara/hotel, concierge, kotak penyimpanan aman, wi-fi di tempat-tempat umum, layanan kamar 24 jam.</p>\r\n<p style=\"text-align: justify;\">Sebagai tambahan, semua kamar tamu memiliki sejumlah kenyamanan seperti kulkas, meja tulis, air botol gratis, televisi, AC untuk menyenangi semakin banyak tamu. Pijat, taman, sauna hotel ini adalah tempat-tempat ideal untuk bersantai setelah hari yang sibuk. Dengan lokasi ideal dan fasilitas yang setara, Grand Zuri Malang Hotel dapat memenuhinya semua.</p>\r\n<h3>Kebijakan Hotel</h3>\r\n<ul>\r\n<li>Tamu berumur diatas 3 tahun dianggap sebagai tamu dewasa.</li>\r\n<li>Ekstra bed tergantung pada kamar yang Anda pilih, silahkan cek kebijakan setiap kamar untuk detil lebih lanjut.</li>\r\n</ul>\r\n<table style=\"margin-left: auto; margin-right: auto;\">\r\n<tbody>\r\n<tr>\r\n<td>Bayi 0-1 tahun</td>\r\n<td>Menginap gratis dengan menggunakan tempat tidur yang tersedia. Catatan, biaya tambahan kemungkinan dikenakan jika Anda membutuhkan ranjang bayi.</td>\r\n</tr>\r\n<tr>\r\n<td>Anak-anak 2-3 tahun</td>\r\n<td>Harus menggunakan ekstra bed.</td>\r\n</tr>\r\n</tbody>\r\n</table>\r\n<h3>Fasilitas Hotel</h3>\r\n<table>\r\n<tbody>\r\n<tr>\r\n<td>Fasilitas</td>\r\n<td>bar, coffee shop, concierge, fasilitas rapat, kotak penyimpanan aman, layanan kamar, layanan kamar 24 jam, layanan laundry, lift, restoran, ruang merokok, transfer bandara/hotel, wi-fi di tempat-tempat umum</td>\r\n</tr>\r\n<tr>\r\n<td>Olahraga dan Rekreasi</td>\r\n<td>pijat, sauna, taman</td>\r\n</tr>\r\n<tr>\r\n<td>Internet dalam Kamar</td>\r\n<td>Akses WiFi gratis</td>\r\n</tr>\r\n<tr>\r\n<td>Parkir</td>\r\n<td>tempat parkir mobil</td>\r\n</tr>\r\n</tbody>\r\n</table>'),
(20, 'MLG01', 'Grand Zuri Padang Hotel (Delux) 1H', 4, 587000, '<p style=\"text-align: justify;\">Terletak strategis di Malang, Grand Zuri Malang Hotel adalah tempat yang cocok untuk menelusuri kota yang hidup ini. Dari sini, para tamu dapat menikmati akses mudah ke semua hal yang dapat ditemukan di sebuah kota yang hidup. Lingkungan yang dijaga serta kedekatan ke Jalan Kuliner Simpang Kinol, Museum Adityawarman, Jembatan Siti Nurbaya sangat memberikan nilai tambah untuk hotel ini.</p>\r\n<p style=\"text-align: justify;\">Di Grand Zuri Malang Hotel, pelayanan cemerlang dan fasilitas yang bagus akan membuat penginapan Anda tak terlupakan. Untuk kenyamanan para tamu, hotel ini menawarkan transfer bandara/hotel, concierge, kotak penyimpanan aman, wi-fi di tempat-tempat umum, layanan kamar 24 jam.</p>\r\n<p style=\"text-align: justify;\">Sebagai tambahan, semua kamar tamu memiliki sejumlah kenyamanan seperti kulkas, meja tulis, air botol gratis, televisi, AC untuk menyenangi semakin banyak tamu. Pijat, taman, sauna hotel ini adalah tempat-tempat ideal untuk bersantai setelah hari yang sibuk. Dengan lokasi ideal dan fasilitas yang setara, Grand Zuri Malang Hotel dapat memenuhinya semua.</p>\r\n<h3>Kebijakan Hotel</h3>\r\n<ul>\r\n<li>Tamu berumur diatas 3 tahun dianggap sebagai tamu dewasa.</li>\r\n<li>Ekstra bed tergantung pada kamar yang Anda pilih, silahkan cek kebijakan setiap kamar untuk detil lebih lanjut.</li>\r\n</ul>\r\n<table style=\"margin-left: auto; margin-right: auto;\">\r\n<tbody>\r\n<tr>\r\n<td>Bayi 0-1 tahun</td>\r\n<td>Menginap gratis dengan menggunakan tempat tidur yang tersedia. Catatan, biaya tambahan kemungkinan dikenakan jika Anda membutuhkan ranjang bayi.</td>\r\n</tr>\r\n<tr>\r\n<td>Anak-anak 2-3 tahun</td>\r\n<td>Harus menggunakan ekstra bed.</td>\r\n</tr>\r\n</tbody>\r\n</table>\r\n<h3>Fasilitas Hotel</h3>\r\n<table>\r\n<tbody>\r\n<tr>\r\n<td>Fasilitas</td>\r\n<td>bar, coffee shop, concierge, fasilitas rapat, kotak penyimpanan aman, layanan kamar, layanan kamar 24 jam, layanan laundry, lift, restoran, ruang merokok, transfer bandara/hotel, wi-fi di tempat-tempat umum</td>\r\n</tr>\r\n<tr>\r\n<td>Olahraga dan Rekreasi</td>\r\n<td>pijat, sauna, taman</td>\r\n</tr>\r\n<tr>\r\n<td>Internet dalam Kamar</td>\r\n<td>Akses WiFi gratis</td>\r\n</tr>\r\n<tr>\r\n<td>Parkir</td>\r\n<td>tempat parkir mobil</td>\r\n</tr>\r\n</tbody>\r\n</table>'),
(21, 'MLG01', 'Savali Hotel (Superior) 1H', 3, 501000, '	<p style=\"text-align: justify;\">Dibangun pada 2010, Savali Hotel adalah pelengkap yang berbeda di Malang dan pilihan yang cerdas bagi wisatawan. Dari sini, para tamu dapat menikmati akses mudah ke semua hal yang dapat ditemukan di sebuah kota yang hidup. Dengan lokasinya yang strategis, hotel ini menawarkan akses mudah ke destinasi yang wajib dilihat di kota ini.</p>\r\n<p style=\"text-align: justify;\">Dengan menawarkan pelayanan superior dan sejumlah fasilitas kepada para tamu hotel, Savali Hotel berkomitmen untuk menjaga kenyamanan penginapan Anda semaksimal mungkin. Fasilitas top hotel ini termasuk toko, sewa sepeda, layanan laundry, coffee shop, fasilitas rapat.</p>\r\n<p style=\"text-align: justify;\">Semua akomodasi tamu dilengkapi dengan fasilitas yang telah dirancang dengan baik demi menjaga kenyamanan. Baik Anda adalah orang yang senang fitness atau hanya ingin bersantai setelah beraktivitas sepanjang hari, Anda akan dihibur dengan fasilitas rekreasi kelas atas seperti kolam renang (luar ruangan), taman, pijat. Savali Hotel adalah pilihan yang cerdas bagi para pelancong ke Malang, dengan menawarkan penginapan yang santai setiap saat.</p>\r\n<h3>Kebijakan Hotel</h3>\r\n<ul>\r\n<li>Tamu berumur diatas 3 tahun dianggap sebagai tamu dewasa.</li>\r\n<li>Ekstra bed tergantung pada kamar yang Anda pilih, silahkan cek kebijakan setiap kamar untuk detil lebih lanjut.</li>\r\n</ul>\r\n<table style=\"margin-left: auto; margin-right: auto;\">\r\n<tbody>\r\n<tr>\r\n<td>Bayi 0-1 tahun</td>\r\n<td>Menginap gratis dengan menggunakan tempat tidur yang tersedia. Catatan, biaya tambahan kemungkinan dikenakan jika Anda membutuhkan ranjang bayi.</td>\r\n</tr>\r\n<tr>\r\n<td>Anak-anak 2-3 tahun</td>\r\n<td>Harus menggunakan ekstra bed.</td>\r\n</tr>\r\n</tbody>\r\n</table>\r\n<h3>Fasilitas Hotel</h3>\r\n<table>\r\n<tbody>\r\n<tr>\r\n<td>Fasilitas</td>\r\n<td>bar, coffee shop, concierge, fasilitas rapat, kotak penyimpanan aman, layanan kamar, layanan kamar 24 jam, layanan laundry, lift, restoran, ruang merokok, transfer bandara/hotel, wi-fi di tempat-tempat umum</td>\r\n</tr>\r\n<tr>\r\n<td>Olahraga dan Rekreasi</td>\r\n<td>pijat, sauna, taman</td>\r\n</tr>\r\n<tr>\r\n<td>Internet dalam Kamar</td>\r\n<td>Akses WiFi gratis</td>\r\n</tr>\r\n<tr>\r\n<td>Parkir</td>\r\n<td>tempat parkir mobil, parkir valet</td>\r\n</tr>\r\n</tbody>\r\n</table>'),
(22, 'NGW01', 'Tidak Menginap', 1, 0, '<p>Untuk paket One-Way</p>'),
(23, 'NGW01', 'Tidak Menginap', 1, 0, '<p>Untuk paket One-Way</p>'),
(24, 'BYW01', 'Tidak Menginap', 1, 0, '<p>Untuk paket One-Way</p>'),
(25, 'SUB01', 'Tidak Menginap', 1, 0, '<p>Untuk paket One-Way</p>'),
(26, 'PB', 'Tidak Menginap', 5, 0, '<p>Tidak Menginap</p>');
INSERT INTO `tbl_hotel` (`id_hotel`, `kd_daerah`, `hotel`, `bintang`, `harga`, `ket_hotel`) VALUES
(27, 'PB', 'Katembe Private Island', 4, 4000000, '<div class=\"hJVAU\" data-test-target=\"list-card-address\"><span class=\"biGQs _P fiohW hmDzD\">Waisai, Papua Barat 98482 Indonesia</span></div>\r\n<div class=\"hJVAU\"><span class=\"_W Q1 Hn\"><span class=\"biGQs _P fiohW hmDzD\"><strong>7.5 km</strong>&nbsp;dari Raja Ampat Dive Resort</span></span></div>\r\n<div class=\"uiCLo H4\" data-test-target=\"hotels-popularity-index\"><span class=\"biGQs _P pZUbB hmDzD\">Paling Hemat No.&nbsp;1&nbsp;dari&nbsp;3&nbsp;di&nbsp;Hotel Dekat Raja Ampat Dive Resort</span></div>'),
(28, 'PB', 'Korpak Villa & Resort Waisay Raja Ampat', 5, 1600000, '<div class=\"vhaQX scTWu\">\r\n<div class=\"DgJpu\">\r\n<div class=\"luFhX o W f u w JSdbl\">\r\n<div class=\"hgCGO\">Jl. Poros Waiwo, Waisai, Papua Barat 98482 Indonesia</div>\r\n</div>\r\n</div>\r\n</div>\r\n<div class=\"hJVAU\"><span class=\"_W Q1 Hn\"><span class=\"biGQs _P fiohW hmDzD\"><strong>4.1 km</strong>&nbsp;dari Raja Ampat Dive Resort</span></span></div>\r\n<div class=\"uiCLo H4\" data-test-target=\"hotels-popularity-index\"><span class=\"biGQs _P pZUbB hmDzD\">Paling Hemat No.&nbsp;2&nbsp;dari&nbsp;3&nbsp;di&nbsp;Hotel Dekat Raja Ampat Dive Resort</span></div>'),
(29, 'PB', 'Kayafyof Homestay', 5, 750000, '<div class=\"hJVAU\" data-test-target=\"list-card-address\"><span class=\"biGQs _P fiohW hmDzD\">Kampung Arborek, Besir, Papua Barat 98482 Indonesia</span></div>\r\n<div class=\"hJVAU\"><span class=\"_W Q1 Hn\"><span class=\"biGQs _P fiohW hmDzD\"><strong>28.0 km</strong>&nbsp;dari Raja Ampat Dive Resort</span></span></div>\r\n<div class=\"uiCLo H4\" data-test-target=\"hotels-popularity-index\"><span class=\"biGQs _P pZUbB hmDzD\">Paling Hemat No.&nbsp;3&nbsp;dari&nbsp;3&nbsp;di&nbsp;Hotel Dekat Raja Ampat Dive Resort</span></div>'),
(30, 'PB', 'Raja Ampat Dive Lodge', 4, 2500000, '<div class=\"hJVAU\" data-test-target=\"list-card-address\"><span class=\"biGQs _P fiohW hmDzD\">Kampung Kurkapa - Pulau Mansuar, Papua Barat 80034 Indonesia</span></div>\r\n<div class=\"hJVAU\"><span class=\"_W Q1 Hn\"><span class=\"biGQs _P fiohW hmDzD\"><strong>21.7 km</strong>&nbsp;dari Raja Ampat Dive Resort</span></span></div>');

-- --------------------------------------------------------

--
-- Struktur dari tabel `tbl_kategori`
--

CREATE TABLE `tbl_kategori` (
  `id_kategori` int NOT NULL,
  `kategori` varchar(30) NOT NULL,
  `keterangan` text NOT NULL
) ENGINE=InnoDB DEFAULT CHARSET=utf8mb3;

--
-- Dumping data untuk tabel `tbl_kategori`
--

INSERT INTO `tbl_kategori` (`id_kategori`, `kategori`, `keterangan`) VALUES
(1, 'Paket Perorangan (1 Org)', 'Paket Travel ini dikususkan untuk wisatawan yang ingin berlibur sendiri saja. Namun nanti dalam Tour, Touris akan diserentakkan keberangkatannya dalam satu mobil. Dalam satu mobil tersebut maksimal hanya 4 Touris, disertakan dengan Driver dan Pemandu wisata. '),
(2, 'Paket Grup/kelompok (3-5 Org)', 'kedua kalinya'),
(3, 'Paket Keluarga (5 Org)', 'ketiga kalinya'),
(4, 'Paket Couple (2 Org)', 'Paket untuk pasanngan'),
(5, 'Paket Couple Dating (4 Org)', 'Sangat cocok untuk kamu dan besti kamu liburan');

-- --------------------------------------------------------

--
-- Struktur dari tabel `tbl_paket`
--

CREATE TABLE `tbl_paket` (
  `id_paket` int NOT NULL,
  `id_kategori` int NOT NULL,
  `nama_paket` varchar(50) NOT NULL,
  `harga_paket` int NOT NULL,
  `ket_paket` text NOT NULL
) ENGINE=InnoDB DEFAULT CHARSET=utf8mb3;

--
-- Dumping data untuk tabel `tbl_paket`
--

INSERT INTO `tbl_paket` (`id_paket`, `id_kategori`, `nama_paket`, `harga_paket`, `ket_paket`) VALUES
(1, 1, 'Raja Ampat', 2400000, 'Paket ini menjadi pilihan tepat bagi kamu yang ingin berlibur ke Raja Ampat dengan fasilitas lengkap namun tetap dengan biaya terjangkau. Saat ini anda bisa pilih salah satu dari 3 pilihan speedboat yang kami sediakan sesuai dengan kebutuhan anda. Antara lain, Speedboat King Trans, King Four I, King Four III, dan lain - lain.'),
(7, 2, 'Raja Ampat', 6000000, 'Paket ini menjadi pilihan tepat bagi kamu yang ingin berlibur ke Raja Ampat dengan fasilitas lengkap namun tetap dengan biaya terjangkau. Saat ini anda bisa pilih salah satu dari 3 pilihan speedboat yang kami sediakan sesuai dengan kebutuhan anda. Antara lain, Speedboat King Trans, King Four I, King Four III, dan lain - lain.'),
(8, 3, 'Raja Ampat', 8000000, 'Paket ini menjadi pilihan tepat bagi kamu yang ingin berlibur ke Raja Ampat dengan fasilitas lengkap namun tetap dengan biaya terjangkau. Saat ini anda bisa pilih salah satu dari 3 pilihan speedboat yang kami sediakan sesuai dengan kebutuhan anda. Antara lain, Speedboat King Trans, King Four I, King Four III, dan lain - lain.'),
(9, 4, 'Raja Ampat', 4000000, 'Paket ini menjadi pilihan tepat bagi kamu yang ingin berlibur ke Raja Ampat dengan fasilitas lengkap namun tetap dengan biaya terjangkau. Saat ini anda bisa pilih salah satu dari 3 pilihan speedboat yang kami sediakan sesuai dengan kebutuhan anda. Antara lain, Speedboat King Trans, King Four I, King Four III, dan lain - lain.'),
(10, 5, 'Raja Ampat', 7500000, 'Paket ini menjadi pilihan tepat bagi kamu yang ingin berlibur ke Raja Ampat dengan fasilitas lengkap namun tetap dengan biaya terjangkau. Saat ini anda bisa pilih salah satu dari 3 pilihan speedboat yang kami sediakan sesuai dengan kebutuhan anda. Antara lain, Speedboat King Trans, King Four I, King Four III, dan lain - lain.');

-- --------------------------------------------------------

--
-- Struktur dari tabel `tbl_pesan`
--

CREATE TABLE `tbl_pesan` (
  `id_pesan` int NOT NULL,
  `id_user` int NOT NULL,
  `id_paket` int NOT NULL,
  `id_hotel` int NOT NULL,
  `tgl_pesan` date NOT NULL,
  `tgl_tour` date NOT NULL,
  `status` char(2) NOT NULL DEFAULT 'S1'
) ENGINE=InnoDB DEFAULT CHARSET=utf8mb3;

--
-- Dumping data untuk tabel `tbl_pesan`
--

INSERT INTO `tbl_pesan` (`id_pesan`, `id_user`, `id_paket`, `id_hotel`, `tgl_pesan`, `tgl_tour`, `status`) VALUES
(7, 3, 2, 1, '2024-08-01', '2024-08-17', 'S2'),
(8, 3, 1, 25, '2024-08-01', '2024-08-31', 'S4'),
(9, 16, 1, 24, '2024-08-02', '2024-08-30', 'S4'),
(10, 15, 1, 26, '2024-08-02', '2026-08-17', 'S3'),
(11, 15, 7, 27, '2024-08-02', '2028-08-12', 'S3');

-- --------------------------------------------------------

--
-- Struktur dari tabel `tbl_user`
--

CREATE TABLE `tbl_user` (
  `id_user` int NOT NULL,
  `nama_user` varchar(30) NOT NULL,
  `email_user` varchar(50) NOT NULL,
  `tipe_id` varchar(50) DEFAULT NULL,
  `no_id` varchar(30) CHARACTER SET utf8mb3 COLLATE utf8mb3_general_ci DEFAULT NULL,
  `no_hp` varchar(14) CHARACTER SET utf8mb3 COLLATE utf8mb3_general_ci DEFAULT NULL,
  `no_rek` varchar(50) CHARACTER SET utf8mb3 COLLATE utf8mb3_general_ci DEFAULT NULL,
  `nama_rek` varchar(50) CHARACTER SET utf8mb3 COLLATE utf8mb3_general_ci DEFAULT NULL,
  `username` varchar(30) NOT NULL,
  `password` varchar(12) NOT NULL,
  `tgl_lahir` varchar(30) CHARACTER SET utf8mb3 COLLATE utf8mb3_general_ci DEFAULT NULL,
  `jekel` varchar(1) NOT NULL,
  `alamat` text CHARACTER SET utf8mb3 COLLATE utf8mb3_general_ci
) ENGINE=InnoDB DEFAULT CHARSET=utf8mb3;

--
-- Dumping data untuk tabel `tbl_user`
--

INSERT INTO `tbl_user` (`id_user`, `nama_user`, `email_user`, `tipe_id`, `no_id`, `no_hp`, `no_rek`, `nama_rek`, `username`, `password`, `tgl_lahir`, `jekel`, `alamat`) VALUES
(1, 'Jonathan Zefanya', 'jonathan.natannael@iti.ac,id', 'KTP', '98327497359', '083807914090', '89374920', 'Jonathan Zefanya', 'jojo', 'jojo', '16 Oct 2004', 'L', ''),
(2, 'Siti Nurhaliza', 'siti.nurhaliza@example.com', 'KTP', '12345678901', '081234567890', '12345678', 'Siti Nurhaliza', 'siti', 'siti123', '', 'P', 'Jl. Melati No. 12, Jakarta'),
(3, 'Budi Santoso', 'budi.santoso@example.com', 'KTP', '23456789012', '082345678901', '23456789', 'Budi Santoso', 'budi', 'budi123', '', 'L', 'Jl. Mawar No. 45, Bandung'),
(4, 'Dewi Lestari', 'dewi.lestari@example.com', 'KTP', '34567890123', '083456789012', '34567890', 'Dewi Lestari', 'dewi', 'dewi123', '', 'P', 'Jl. Anggrek No. 78, Surabaya'),
(5, 'Andi Pratama', 'andi.pratama@example.com', 'KTP', '45678901234', '084567890123', '45678901', 'Andi Pratama', 'andi', 'andi123', '', 'L', 'Jl. Kenanga No. 90, Yogyakarta'),
(15, 'Xead', 'jonathan.natannael@student.iti.ac.id', 'Pasport', '08237283468734', '083807914090', '90234123', 'Xeadesta Erla', 'xead', '123', '10 Feb 2000', 'L', '<p>Bogor</p>');

--
-- Indexes for dumped tables
--

--
-- Indeks untuk tabel `contact`
--
ALTER TABLE `contact`
  ADD PRIMARY KEY (`id`);

--
-- Indeks untuk tabel `komentar`
--
ALTER TABLE `komentar`
  ADD PRIMARY KEY (`id_komentar`);

--
-- Indeks untuk tabel `setup_about`
--
ALTER TABLE `setup_about`
  ADD PRIMARY KEY (`id_about`);

--
-- Indeks untuk tabel `setup_dasboard`
--
ALTER TABLE `setup_dasboard`
  ADD PRIMARY KEY (`id_dasboard`);

--
-- Indeks untuk tabel `setup_slide`
--
ALTER TABLE `setup_slide`
  ADD PRIMARY KEY (`id_slide`);

--
-- Indeks untuk tabel `setup_sumbar`
--
ALTER TABLE `setup_sumbar`
  ADD PRIMARY KEY (`id_sumbar`);

--
-- Indeks untuk tabel `tbl_admin`
--
ALTER TABLE `tbl_admin`
  ADD PRIMARY KEY (`user_admin`);

--
-- Indeks untuk tabel `tbl_bukti`
--
ALTER TABLE `tbl_bukti`
  ADD PRIMARY KEY (`id_bukti`);

--
-- Indeks untuk tabel `tbl_daerah`
--
ALTER TABLE `tbl_daerah`
  ADD PRIMARY KEY (`id_daerah`);

--
-- Indeks untuk tabel `tbl_hotel`
--
ALTER TABLE `tbl_hotel`
  ADD PRIMARY KEY (`id_hotel`);

--
-- Indeks untuk tabel `tbl_kategori`
--
ALTER TABLE `tbl_kategori`
  ADD PRIMARY KEY (`id_kategori`),
  ADD KEY `id_kat` (`id_kategori`);

--
-- Indeks untuk tabel `tbl_paket`
--
ALTER TABLE `tbl_paket`
  ADD PRIMARY KEY (`id_paket`);

--
-- Indeks untuk tabel `tbl_pesan`
--
ALTER TABLE `tbl_pesan`
  ADD PRIMARY KEY (`id_pesan`);

--
-- Indeks untuk tabel `tbl_user`
--
ALTER TABLE `tbl_user`
  ADD PRIMARY KEY (`id_user`),
  ADD KEY `id_user` (`id_user`);

--
-- AUTO_INCREMENT untuk tabel yang dibuang
--

--
-- AUTO_INCREMENT untuk tabel `contact`
--
ALTER TABLE `contact`
  MODIFY `id` int NOT NULL AUTO_INCREMENT, AUTO_INCREMENT=2;

--
-- AUTO_INCREMENT untuk tabel `komentar`
--
ALTER TABLE `komentar`
  MODIFY `id_komentar` int NOT NULL AUTO_INCREMENT, AUTO_INCREMENT=6;

--
-- AUTO_INCREMENT untuk tabel `setup_about`
--
ALTER TABLE `setup_about`
  MODIFY `id_about` int NOT NULL AUTO_INCREMENT, AUTO_INCREMENT=18;

--
-- AUTO_INCREMENT untuk tabel `setup_dasboard`
--
ALTER TABLE `setup_dasboard`
  MODIFY `id_dasboard` int NOT NULL AUTO_INCREMENT, AUTO_INCREMENT=27;

--
-- AUTO_INCREMENT untuk tabel `setup_slide`
--
ALTER TABLE `setup_slide`
  MODIFY `id_slide` int NOT NULL AUTO_INCREMENT, AUTO_INCREMENT=4;

--
-- AUTO_INCREMENT untuk tabel `setup_sumbar`
--
ALTER TABLE `setup_sumbar`
  MODIFY `id_sumbar` int NOT NULL AUTO_INCREMENT, AUTO_INCREMENT=36;

--
-- AUTO_INCREMENT untuk tabel `tbl_bukti`
--
ALTER TABLE `tbl_bukti`
  MODIFY `id_bukti` int NOT NULL AUTO_INCREMENT, AUTO_INCREMENT=7;

--
-- AUTO_INCREMENT untuk tabel `tbl_daerah`
--
ALTER TABLE `tbl_daerah`
  MODIFY `id_daerah` int NOT NULL AUTO_INCREMENT, AUTO_INCREMENT=8;

--
-- AUTO_INCREMENT untuk tabel `tbl_hotel`
--
ALTER TABLE `tbl_hotel`
  MODIFY `id_hotel` int NOT NULL AUTO_INCREMENT, AUTO_INCREMENT=31;

--
-- AUTO_INCREMENT untuk tabel `tbl_kategori`
--
ALTER TABLE `tbl_kategori`
  MODIFY `id_kategori` int NOT NULL AUTO_INCREMENT, AUTO_INCREMENT=6;

--
-- AUTO_INCREMENT untuk tabel `tbl_paket`
--
ALTER TABLE `tbl_paket`
  MODIFY `id_paket` int NOT NULL AUTO_INCREMENT, AUTO_INCREMENT=11;

--
-- AUTO_INCREMENT untuk tabel `tbl_pesan`
--
ALTER TABLE `tbl_pesan`
  MODIFY `id_pesan` int NOT NULL AUTO_INCREMENT, AUTO_INCREMENT=12;

--
-- AUTO_INCREMENT untuk tabel `tbl_user`
--
ALTER TABLE `tbl_user`
  MODIFY `id_user` int NOT NULL AUTO_INCREMENT, AUTO_INCREMENT=17;
COMMIT;

/*!40101 SET CHARACTER_SET_CLIENT=@OLD_CHARACTER_SET_CLIENT */;
/*!40101 SET CHARACTER_SET_RESULTS=@OLD_CHARACTER_SET_RESULTS */;
/*!40101 SET COLLATION_CONNECTION=@OLD_COLLATION_CONNECTION */;
